,,Detection Recall,,,,,
change_id,num_cloned_cochange,conqat,deckard,iclones,nicad5,simcad,simian
42260,1,0,1,0,0,0,0
42262,1,0,1,0,0,0,0
42266,3,0,1,0,0,0,0
42267,3,0,1,0,0,0,0
42268,3,0,1,0,0,0,0
42271,7,0,1,0,0,0,0
42273,5,0,1,0,0,0,0
42290,1,0,1,0,0,0,0
42293,6,0,1,0,0,0,0
42295,2,0,1,0,0,0,0
42331,3,0,1,0,0,0,0
42332,2,0,1,0,0,0,0
42336,3,0,1,0,0,0,0
42337,3,0,1,0,0,0,0
42349,3,0,1,0,0,0,0
42351,1,0,1,0,0,0,0
42352,1,0,1,0,0,0,0
42353,1,0,1,0,0,0,0
42359,5,1,0,0,0,0,0
42376,10,0,1,0,0,0,0
42380,2,0,1,0,0,0,0
42384,1,1,1,0,1,0,0
42385,1,1,1,0,1,0,0
42388,1,0,0,0,1,0,0
42389,1,0,0,0,1,0,0
42398,1,0,1,0,0,0,0
42408,2,0,1,0,0,0,0
42422,1,0,1,0,0,0,0
42447,6,0,1,0,0,0,0
42448,1,0,1,0,0,0,0
42449,1,0,1,0,0,0,0
42455,4,0,1,0,0,0,0
42457,11,0,1,0,0,0,0
42459,4,0,1,0,0,0,0
42472,2,1,0,0,0,0,0
42479,5,1,0,0,0,0,0
42483,1,0,1,0,0,0,0
42490,7,0,1,0,0,0,0
42491,8,0,1,0,0,0,0
42492,6,0,1,0,0,0,0
42496,5,0.8,0.2,0,0,0,0
42497,8,0,1,0,0,0,0
42498,5,0.8,0.4,0.2,0,0,0
42499,8,0,1,0,0,0,0
42500,1,0,1,0,0,0,0
42501,3,0,1,0,0,0,0
42503,1,0,1,0,0,0,0
42504,5,0.8,0.4,0.2,0,0,0
42505,5,0,1,0,0,0,0
42519,1,0,1,0,0,0,0
42520,1,0,1,0,0,0,0
42541,1,0,1,0,0,0,0
42542,5,0,1,0,0,0,0
42543,3,0,1,0,0,0,0
42544,3,0,1,0,0,0,0
42553,3,0,1,0,0,0,0
42554,3,0,1,0,0,0,0
42555,3,0,1,0,0,0,0
42558,1,0,0,0,0,1,0
42560,1,0,0,0,0,1,0
42561,1,0,0,0,0,1,0
42578,2,0,1,0,0,0,0
42579,2,0,1,0,0,0,0
42597,4,0,1,0,0,0,0
42602,1,0,1,0,0,0,0
42603,4,0,1,0,0,0,0
42604,4,0,1,0,0,0,0
42605,3,0,1,0,0,0,0
42606,3,0,1,0,0,0,0
42607,3,0,1,0,0,0,0
42608,3,0,1,0,0,0,0
42609,3,0,1,0,0,0,0
42616,2,0,1,0,0,0,0
42617,2,0,1,0,0,0,0
42624,5,0,1,0,0,0,0
42626,2,0,1,0,0,0,0
42630,5,0,1,0,0,0,0
42631,10,0,1,0,0,0,0
42633,7,0,1,0,0,0,0
42643,12,0,1,0,0,0,0
42644,12,0,1,0,0,0,0
42652,5,0,1,0,0,0,0
42670,7,0.14,1,0.14,0,0.14,0
42671,7,0.14,1,0.14,0,0.14,0
42674,7,0,1,0,0,0,0
42681,2,0,1,0,0,0,0
42682,2,0,1,0,0,0,0
42687,5,0,1,0,0,0,0
42690,10,0,1,0,0,0,0
42691,1,0,1,0,0,0,0
42733,2,0,1,0,0,0,0
42734,1,1,0,1,1,0,0
42737,2,0,1,0,1,0.5,0
42738,3,0,0.67,0,0.67,0,0
42739,3,0,1,0,0,0,0
42740,2,0,0.5,0,1,0.5,0
42742,1,0,1,0,0,0,0
42745,2,0,1,0,0,0,0
42746,6,0,1,0,0,0,0
42747,4,0,1,0,0,0,0
42748,1,1,0,1,1,0,0
42755,2,0,1,0,0,0,0
42756,2,0,1,0,0,0,0
42757,9,0,1,0,0,0,0
42782,6,0.17,0.33,0.17,0.17,0.67,0.17
42783,2,0.5,0.5,0.5,0.5,0.5,0.5
42784,1,0,0,0,0,1,0
42785,1,0,0,0,0,1,0
42786,1,0,0,0,0,1,0
42804,1,0,1,0,0,0,0
42805,1,0,1,0,0,0,0
42818,2,0,1,0,0,0,0
42822,1,0,1,0,0,0,0
42825,3,0,1,0,0,0,0
42826,4,0,1,0,0,0,0
42831,1,0,1,0,0,0,0
42832,2,0,0.5,0,0,0.5,0
42862,1,0,1,0,0,0,0
42868,5,0,1,0,0,0,0
42877,1,0,0,1,0,0,1
42878,1,0,0,1,0,0,1
42879,2,0,0,1,0,0,1
42894,2,0,1,0,0,0,0
42895,2,0,1,0,0,0,0
42896,1,0,0,0,1,0,0
42897,1,0,0,0,1,0,0
42903,1,0,1,0,0,0,0
42910,1,0,1,0,0,0,0
42930,1,0,1,0,0,0,0
42931,1,0,1,0,0,0,0
42937,2,0,1,0,0,0,0
42938,2,0,1,0,0,0,0
42940,3,0,1,0,0,0,0
42941,3,0,1,0,0,0,0
42943,1,0,1,0,0,0,0
42944,3,0,1,0,0,0,0
42945,3,0,1,0,0,0,0
42953,3,0,1,0,0,0,0
42960,2,0,1,0,0,0,0
42961,2,0,1,0,0,0,0
42962,2,0,1,0,0,0,0
42963,2,0,1,0,0,0,0
42964,2,0,1,0,0,0,0
42971,3,0,1,0,0,0,0
42972,3,0,1,0,0,0,0
42975,2,0,1,0,0,0,0
42981,4,0,1,0,0,0,0
42992,1,0,1,0,0,0,0
42993,1,0,1,0,0,0,0
42994,1,0,1,0,0,0,0
42995,1,0,1,0,0,0,0
42996,5,0,0,1,1,1,0
42997,5,0.8,0,1,1,1,0.8
42998,5,0.8,0,1,1,1,0.8
42999,5,0.8,0,1,1,1,0.8
43000,5,0.8,0,1,1,1,0.8
43001,5,0,0,1,1,1,0
43002,5,0.8,0,1,1,1,0.8
43003,5,0.8,0,1,1,1,0.8
43004,5,0.8,0,1,1,1,0.8
43005,5,0.8,0,1,1,1,0.8
43022,2,1,0.5,1,1,1,1
43023,2,1,0,1,1,1,1
43024,2,1,0.5,1,1,1,1
43025,2,1,0,1,1,1,1
43043,2,0,1,0,0,0,0
43053,1,0,1,0,0,0,0
43055,2,0,1,0,0,0,0
43057,2,0,1,0,0,0,0
43063,1,0,1,0,0,0,0
43066,4,0,1,0,0,0,0
43067,3,0,1,0,0,0,0
43068,3,0,1,0,0,0,0
43069,6,0,1,0,0,0,0
43087,1,0,1,1,0,0,0
43090,1,0,1,1,0,0,0
43095,6,0,1,0,0,0,0
43099,6,0,1,0,0,0,0
43100,4,0,1,0,0,0,0
43102,4,0,0,0,0,1,0
43108,8,0,1,0,0,0,0
43122,6,0,1,0,0,0,0
43123,6,0,1,0,0,0.33,0
43124,6,0,1,0,0,0.33,0
43125,3,0,1,0,0,0,0
43126,7,0,1,0,0,0.43,0
43127,7,0,1,0,0,0,0
43128,3,0,0,0,0,1,0
43130,1,0,0,0,0,1,0
43131,2,0,0.5,0,0,0.5,0
43132,2,0,0.5,0,0,0.5,0
43133,1,0,1,0,0,0,0
43134,7,0,1,0,0,0,0
43135,7,0,1,0,0,0,0
43136,6,0,1,0,0,0,0
43141,3,0,1,0,0,0,0
43142,1,0,1,0,0,0,0
43145,1,0,1,0,0,0,0
43147,9,0,1,0,0,0,0
43149,11,0,1,0,0,0,0
43151,3,0,1,0,0,0,0
43152,3,0,1,0,0,0,0
43153,6,0,1,0,0,0,0
43154,6,0,1,0,0,0,0
43156,2,0,1,0,0,0,0
43157,2,0,1,0,0,0,0
43158,2,0,1,0,0,0,0
43170,7,0,0.86,0,0,0.14,0
43171,7,0,0.86,0,0,0.14,0
43172,1,0,0,0,0,1,0
43173,1,0,0,0,0,1,0
43176,13,0,1,0,0,0,0
43187,16,0,1,0,0,0,0
43188,16,0,1,0,0,0,0
43189,16,0,1,0,0,0,0
43190,16,0,1,0,0,0,0
43191,16,0,1,0,0,0,0
43202,19,0,1,0,0,0,0
43209,2,0,1,0,0,0,0
43210,2,0,1,0,0,0,0
43211,24,0,1,0,0,0,0
43212,18,0,1,0,0,0,0
43229,1,0,1,0,0,0,0
43230,9,0,1,0,0,0,0
43235,5,0,1,0,0,0,0
43236,5,0,1,0,0,0,0
43237,5,0,1,0,0,0,0
43240,1,0,1,0,0,0,0
43241,1,0,1,0,0,0,0
43242,4,0,1,0,0,0,0
43245,7,0,1,0,0,0,0
43246,13,0,1,0,0,0,0
43248,5,0,1,0,0,0,0
43249,5,0,1,0,0,0,0
43250,5,0,1,0,0,0,0
43251,18,0,1,0,0,0,0
43252,1,0,1,0,0,0,0
43254,5,0,1,0,0,0,0
43255,6,0,1,0,0,0,0
43257,12,0,1,0,0,0,0
43258,3,0,1,0,0,0,0
43259,12,0,1,0,0,0,0
43260,12,0,1,0,0,0,0
43262,1,0,1,0,0,0,0
43263,1,0,1,0,0,0,0
43264,13,0,1,0,0,0,0
43265,13,0,1,0,0,0,0
43266,13,0,1,0,0,0,0
43267,1,1,0,0,0,0,0
43268,1,1,0,0,0,0,0
43270,2,1,0,0,0,0,0
43273,7,0,1,0,0,0,0
43274,2,0,1,0,0,0,0
43275,1,0,1,0,0,0,0
43276,1,0,1,0,0,0,0
43278,4,0,1,0,0,0,0
43283,1,0,1,0,0,0,0
43289,1,0,1,0,0,0,0
43291,1,0,1,0,0,0,0
43294,11,0,0.82,0,0,0.18,0
43299,11,0,1,0,0,0,0
43300,7,0,1,0,0,0,0
43301,7,0,1,0,0,0,0
43304,5,0.4,0.6,0.4,0.4,0,0
43305,2,1,0,1,1,0,0
43306,2,0,0,1,1,0,0
43308,12,0,1,0,0,0,0
43309,6,0,1,0,0,0,0
43310,6,0,1,0,0,0,0
43311,1,0,1,0,0,0,0
43313,12,0.58,0.67,0,0,0,0
43314,7,1,0,0,0,0,0
43315,12,0.58,0.67,0,0,0,0
43316,12,0.58,0.67,0,0,0,0
43317,12,0.58,0.67,0,0,0,0
43318,6,1,0,0,0,0,0
43319,6,1,0,0,0,0,0
43320,7,1,0,0,0,0,0
43321,15,0,1,0,0,0,0
43322,19,0,1,0,0,0,0
43325,7,0,1,0,0,0,0
43330,6,0,1,0,0,0,0
43331,6,0,1,0,0,0,0
43332,6,0,1,0,0,0,0
43333,1,0,1,0,0,0,0
43336,3,0.67,0,1,1,0,0
43337,3,0.67,0,1,1,0,0
43347,2,0,1,0,0,0,0
43358,2,0.5,0.5,0.5,0.5,0,0
43359,2,0.5,0,0.5,0.5,0.5,0
43363,1,0,0,1,1,1,0
43364,1,0,0,1,1,1,0
43366,2,0,1,0,0,0,0
43369,9,0,1,0,0,0,0
43377,8,0,1,0,0,0,0
43378,4,0,1,0,0,0,0
43383,9,0,1,0,0,0,0
43385,13,0,1,0,0,0,0
43386,2,0,1,0,0,0,0
43389,1,0,1,0,0,0,0
43391,7,0,1,0,0,0,0
43392,7,0,1,0,0,0,0
43395,1,0,0,0,0,1,0
43396,1,0,0,0,0,1,0
43407,13,0,1,0,0,0,0
43408,13,0,1,0,0,0,0
43415,14,0,1,0,0,0,0
43417,1,0,1,0,0,0,0
43425,9,0,1,0,0,0,0
43434,7,0,1,0,0,0,0
43436,2,0,1,0,0,0,0
43437,2,0,1,0,0,0,0
43440,1,0,0,0,0,1,0
43442,2,0,1,0,0,0,0
43480,5,0,1,0,0,0,0
43490,7,0,1,0,0,0,0
43494,2,1,0,1,1,1,1
43495,9,0.22,0.89,0.22,0.22,0.22,0.22
43496,2,1,0,1,1,1,1
43497,9,0.22,0.89,0.22,0.22,0.22,0.22
43500,1,0,1,0,0,0,0
43506,7,0,1,0,0,0,0
43507,7,0,1,0,0,0,0
43509,7,0,1,0,0,0,0
43511,7,0,1,0,0,0,0
43513,8,0,1,0,0,0,0
43514,8,0,1,0,0,0,0
43516,2,0,1,0,0,0,0
43528,1,0,1,0,0,0,0
43529,9,0,1,0,0,0,0
43533,6,0,1,0,0,0,0
43534,2,0,1,0,0,0,0
43535,2,0,1,0,0,0,0
43540,7,0,1,0,0,0,0
43541,6,0,1,0,0,0,0
43552,4,0,1,0,0,0,0
43553,4,0,1,0,0,0,0
43554,4,0,1,0,0,0,0
43555,7,0,1,0,0,0,0
43557,8,0,1,0,0,0,0
43561,7,0,1,0,0,0,0
43565,1,0,1,0,0,0,0
43566,1,0,1,0,0,0,0
43567,1,0,1,0,0,0,0
43568,1,0,1,0,0,0,0
43574,3,0,1,0,0,0,0
43579,14,0,1,0,0,0,0
43584,1,0,1,0,0,0,0
43600,1,0,1,0,0,0,0
43601,15,0,1,0,0,0,0
43602,15,0,1,0,0,0,0
43605,7,0,1,0,0,0,0
43606,7,0,1,0,0,0,0
43608,1,0,1,0,0,0,0
43614,6,0,1,0,0,0,0
43623,7,0,1,0,0,0,0
43624,7,0,1,0,0,0,0
43627,3,0,1,0,0,0,0
43628,15,0,1,0,0,0,0
43629,2,0,0,1,0,0,0
43630,2,0,0,1,0,0,0
43631,13,0,1,0,0,0,0
43632,2,0,0,1,0,0,0
43633,2,0,0,1,0,0,0
43635,14,0,1,0,0,0.14,0
43636,14,0,1,0,0,0.14,0
43637,5,0,1,0,0,0.4,0
43638,5,0,1,0,0,0.4,0
43641,1,0,1,0,0,0,0
43642,1,0,1,0,0,0,0
43649,2,0,1,0,0,0.5,0
43650,2,0,1,0,0,0.5,0
43651,2,0,1,0,0,0,0
43653,1,0,1,0,0,0,0
43657,9,0,1,0,0,0,0
43658,9,0,1,0,0,0,0
43681,2,0,1,0,0,0,0
43682,1,0,1,0,0,0,0
43686,1,0,1,0,0,0,0
43690,5,0,1,0,0,0,0
43691,5,0,1,0,0,0,0
43692,5,0,1,0,0,0,0
43693,3,0,1,0,0,0,0
43694,7,0,1,0,0,0,0
43702,11,0,1,0,0,0,0
43703,2,0,1,0,0,0,0
43704,2,0,1,0,0,0,0
43705,3,0.67,0,0.67,1,1,0.33
43706,3,0,0,0,1,1,0
43707,2,0.5,0,0.5,1,1,0
43708,2,0.5,0,0.5,1,1,0.5
43709,2,0,0,0,1,1,0
43713,11,0,1,0,0,0,0
43714,11,0,1,0,0,0,0
43716,1,0,1,0,0,0,0
43717,6,0,1,0,0,0,0
43718,18,0,1,0,0,0,0
43720,7,0,1,0,0,0,0
43721,11,0,1,0,0,0,0
43722,11,0,1,0,0,0,0
43723,7,0,1,0,0,0,0
43725,9,0,1,0,0,0,0
43726,13,0,1,0,0,0,0
43727,14,0,1,0,0,0,0
43732,2,0,1,0,0,0,0
43734,3,0,0.67,0.33,0.33,0,0.33
43735,1,0,0,1,1,0,1
43736,2,0,1,0,0,0,0
43741,2,0,1,0,0,0,0
43749,2,0,1,0,0,0,0
43750,2,0,1,0,0,0,0
43751,3,0,1,0,0,0,0
43753,13,0,1,0,0,0,0
43754,5,1,0,0.8,1,1,0.8
43755,5,1,0,0.8,1,1,0.8
43756,15,0.33,0.67,0.27,0.33,0.33,0.27
43757,15,0.33,0.67,0.27,0.33,0.33,0.27
43758,5,1,0,0,1,1,0.2
43768,3,0,1,0,0,0,0
43769,6,0,1,0,0,0,0
43770,6,0,1,0,0,0,0
43771,2,0,1,0,0,0,0
43772,2,0,1,0,0,0,0
43773,5,1,0,0.8,1,1,0.8
43774,5,1,0,0.8,1,1,0.8
43775,6,0.83,0.17,0.67,0.83,0.83,0.67
43776,6,0.83,0.17,0.67,0.83,0.83,0.67
43777,5,1,0,0,1,1,0.2
43778,3,0,0,0,1,0,0
43779,3,0,0,0,1,0,0
43784,2,0,0,0,1,0,0
43785,2,0,0,0,1,0,0
43786,2,0,0,0,1,0,0
43791,5,0,1,0,0,0,0
43792,1,0,1,0,0,0,0
43793,1,0,1,0,0,0,0
43794,1,0,1,0,0,0,0
43795,1,0,1,0,0,0,0
43796,1,0,1,0,0,0,0
43801,5,0,1,0,0,0,0
43808,3,0,1,0,0,0,0
43809,3,0,1,0,0,0,0
43810,4,0,0.75,0,0,0.25,0
43811,1,0,0,0,0,1,0
43816,1,0,1,0,0,0,0
43818,1,0,1,0,0,0,0
43894,1,0,0,0,1,0,0
43896,1,0,0,0,1,0,0
43898,1,0,0,0,1,0,0
43900,1,0,0,0,1,0,0
43912,1,0,0,0,1,0,0
43914,1,0,0,0,1,0,0
44021,1,0,0,0,1,0,0
44023,1,0,0,0,1,0,0
44070,1,0,0,1,1,1,0
44071,1,0,0,1,1,1,0
44092,1,0,1,0,0,0,0
44112,17,0,1,0,0,0,0
44113,17,0,1,0,0,0,0
44121,3,0,1,0,0,0,0
44145,9,0,0.89,0,0,0.11,0
44146,8,0,1,0,0,0,0
44147,9,0,0.89,0,0,0.11,0
44148,8,0,1,0,0,0,0
44155,4,0,1,0,0,0,0
44163,14,0,1,0,0,0,0
44164,14,0,1,0,0,0,0
44169,25,0,1,0,0,0,0
44177,1,0,1,0,0,0,0
44178,1,0,1,0,0,0,0
44179,4,0,1,0,0,0,0
44180,104,0,1,0,0,0,0
44181,25,0.4,0.6,0.24,0,0,0
44182,10,1,0,0.6,0,0,0
44183,10,1,0,0.6,0,0,0
44184,10,1,0,0.6,0,0,0
44185,10,1,0,0,0,0,0
44186,10,1,0,0,0,0,0
44187,10,1,0,0.6,0,0,0
44188,10,1,0,0.6,0,0,0
44189,10,1,0,0.6,0,0,0
44190,10,1,0,0.6,0,0,0
44193,10,1,0,0,0,0,0
44194,10,1,0,0,0,0,0
44195,6,0,1,0,0,0,0
44196,6,0,1,0,0,0,0
44203,70,0,1,0,0,0,0
44204,70,0,1,0,0,0,0
44205,30,0,1,0,0,0,0
44206,30,0,1,0,0,0,0
44207,24,0,1,0,0,0,0
44208,24,0,1,0,0,0,0
44209,24,0,1,0,0,0,0
44210,19,0,1,0,0,0,0
44238,3,0,1,0,0,0,0
44239,3,0,1,0,0,0,0
44240,25,0,1,0,0,0,0
44244,69,0,1,0,0,0,0
44245,69,0,1,0,0,0,0
44246,6,0,1,0,0,0,0
44247,6,0,1,0,0,0,0
44248,6,0,1,0,0,0,0
44249,6,0,1,0,0,0,0
44250,10,0,1,0,0,0,0
44256,5,0,1,0,0,0,0
44257,5,0,1,0,0,0,0
44265,15,0,1,0,0,0,0
44266,72,0,1,0,0,0,0
44290,63,0,1,0,0,0,0
44291,63,0,1,0,0,0,0
44292,63,0,1,0,0,0,0
44301,72,0,1,0,0,0,0
44302,72,0,1,0,0,0,0
44306,4,0,1,0,0,0,0
44307,4,0,1,0,0,0,0
44327,36,0,1,0,0,0,0
44328,36,0,1,0,0,0,0
44331,1,0,0,0,1,0,0
44333,1,0,0,0,1,0,0
44359,1,0,1,0,0,0,0
44360,1,0,1,0,0,0,0
44361,2,0,1,0,0,0,0
44380,2,0,1,0,0,0,0
44381,2,0,1,0,0,0,0
44382,4,0,1,0,0,0,0
44383,4,0,1,0,0,0,0
44393,18,0,1,0,0,0,0
44403,2,0,1,0,0,0,0
44404,2,0,1,0,0,0,0
44416,10,0,1,0,0,0,0
44419,4,0,1,0,0,0,0
44420,4,0,1,0,0,0,0
44421,4,0,1,0,0,0,0
44422,6,0,1,0,0,0,0
44423,3,0,1,0,0,0,0
44424,3,0,1,0,0,0,0
44430,1,0,0,0,1,1,0
44434,8,0,1,0,0,0,0
44435,8,0,1,0,0,0,0
44436,8,0,1,0,0,0,0
44442,18,0,1,0,0,0,0
44443,18,0,1,0,0,0,0
44444,30,0,0.9,0,0.1,0.03,0
44445,27,0,1,0,0,0,0
44446,1,0,0,0,0,1,0
44448,26,0,0.92,0,0.12,0,0
44449,25,0,1,0,0,0,0
44450,1,0,0,0,0,1,0
44465,7,0,1,0,0,0,0
44466,7,0,1,0,0,0,0
44467,68,0,1,0,0,0,0
44468,2,0,1,0,0,0,0
44469,2,0,1,0,0,0,0
44474,1,0,0,0,0,0,1
44475,25,0,1,0,0,0,0
44476,26,0,1,0,0,0,0
44486,31,0,1,0,0,0,0
44487,31,0,1,0,0,0,0
44488,8,0,1,0,0,0,0
44492,1,0,0,0,0,0,1
44494,2,0,1,0,0,0,0
44497,4,0,1,0,0,0,0
44498,4,0,1,0,0,0,0
44499,4,0,1,0,0,0,0
44500,6,0,1,0,0,0,0
44501,3,0,1,0,0,0,0
44502,3,0,1,0,0,0,0
44508,1,0,0,0,1,1,0
44521,4,0,0.25,0,0.75,0.25,0
44522,1,0,1,0,0,0,0
44523,1,0,0,0,0,1,0
44525,4,0,0.5,0,0.75,0,0
44526,3,0,1,0,0,0,0
44527,1,0,0,0,0,1,0
44529,18,0,1,0,0,0,0
44533,45,0,1,0,0,0,0
44534,98,0,1,0,0,0,0
44537,61,0,1,0,0,0,0
44540,26,0.04,1,0,0,0,0
44541,13,0.08,1,0,0,0,0
44572,14,0,1,0,0,0,0
44575,60,0,1,0,0,0,0
44576,60,0,1,0,0,0,0
44583,5,0,1,0,0,0,0
44584,5,0,1,0,0,0,0
44598,7,0,1,0,0,0,0
44599,7,0,1,0,0,0,0
44600,2,0,0,0.5,0.5,0.5,1
44601,2,0,0,0,0,0,1
44606,14,0,1,0,0,0,0
44610,1,0,0,0,0,1,0
44626,64,0,1,0,0,0,0
44627,64,0,1,0,0,0,0
44628,2,0,0.5,0.5,0,0,0
44629,1,0,1,0,0,0,0
44630,1,0,1,0,0,0,0
44631,1,0,1,0,0,0,0
44632,1,0,0,0,0,1,0
44636,1,0,0,0,0,1,0
44659,8,0,1,0,0,0,0
44660,8,0,1,0,0,0,0
44666,42,0,0.98,0,0,0.02,0
44668,1,0,0,0,0,1,0
44680,30,0,1,0,0,0,0
44687,4,0,1,0,0,0,0
44688,4,0,1,0,0,0,0
44689,4,0,1,0,0,0,0
44690,4,0,1,0,0,0,0
44691,12,0,1,0,0,0,0
44703,21,0,1,0,0,0,0
44704,19,0,1,0,0,0,0
44705,19,0,1,0,0,0,0
44706,13,0,1,0,0,0,0
44707,13,0,1,0,0,0,0
44711,26,0,0.96,0,0,0.04,0
44712,25,0,1,0,0,0,0
44719,1,0,0,0,0,1,0
44723,7,0,1,0,0,0,0
44724,7,0,1,0,0,0,0
44725,7,0,1,0,0,0,0
44726,7,0,1,0,0,0,0
44727,7,0,1,0,0,0,0
44728,7,0,1,0,0,0,0
44729,7,0,1,0,0,0,0
44743,12,0,1,0,0,0,0
44744,12,0,1,0,0,0,0
44745,57,0,1,0,0,0,0
44749,118,0,1,0,0,0,0
44750,118,0,1,0,0,0,0
44753,53,0,1,0,0,0,0
44754,53,0,1,0,0,0,0
44755,44,0,1,0,0,0,0
44756,44,0,1,0,0,0,0
44761,35,0,1,0,0,0,0
44775,18,0,1,0,0,0,0
44776,18,0,1,0,0,0,0
44777,18,0,1,0,0,0,0
44778,18,0,1,0,0,0,0
44779,31,0,1,0,0,0,0
44780,31,0,1,0,0,0,0
44790,1,0,1,0,0,0,0
44793,56,0,1,0,0,0,0
44801,86,0,1,0,0,0,0
44802,18,0,1,0,0,0,0
44803,18,0,1,0,0,0,0
44804,15,0,1,0,0,0,0
44805,16,0,1,0,0,0,0
44806,15,0,1,0,0,0,0
44807,15,0,1,0,0,0,0
44809,40,0,1,0,0,0,0
44810,87,0,1,0,0,0,0
44811,26,0,1,0,0,0,0
44812,26,0,1,0,0,0,0
44813,26,0,1,0,0,0,0
44814,10,0,1,0,0,0,0
44815,10,0,1,0,0,0,0
44816,25,0,1,0,0,0,0
44817,15,0,1,0,0,0,0
44827,5,0,0,0,0,1,0
44828,5,0,0,0,0,1,0
44829,5,0,0,0,0,1,0
44830,5,0,0,0,0,1,0
44831,5,0,0,0,0,1,0
44832,70,0,0.99,0,0,0.07,0
44844,1,0,0,0,0,1,0
44846,1,0,0,0,0,1,0
44850,90,0,1,0,0,0,0
44851,90,0,1,0,0,0,0
44856,51,0,1,0,0,0,0
44857,51,0,1,0,0,0,0
44858,95,0,1,0,0,0,0
44859,95,0,1,0,0,0,0
44860,81,0,1,0,0,0,0
44861,81,0,1,0,0,0,0
44864,41,0,1,0,0,0,0
44865,41,0,1,0,0,0,0
44866,41,0,1,0,0,0,0
44867,41,0,1,0,0,0,0
44868,12,0,1,0,0,0,0
44869,12,0,1,0,0,0,0
44892,2,0,1,0,0,0,0
44893,2,0,1,0,0,0,0
44894,2,0,1,0,0,0,0
44895,2,0,1,0,0,0,0
44896,34,0,1,0,0,0,0
44943,7,0,0,0,1,0,0
44944,7,0,0,0,1,0,0
44945,14,0,0,0,0.86,0.14,0
44946,14,0,0,0,0.86,0.14,0
44947,7,0,0,0,1,0,0
44950,2,0,0,1,0,0,0
44951,6,0.17,0,0.33,0.83,0,0
44952,6,0.17,0,0.33,0.83,0,0
44953,44,0.02,0.95,0.05,0.11,0,0
44954,44,0.07,0.95,0.05,0.11,0,0
44955,44,0.07,0.95,0.05,0.11,0,0
44956,60,0.03,0.97,0.03,0.08,0,0
44957,25,0.08,0.64,0,0.2,0.08,0
44958,143,0,0.99,0,0.03,0.01,0
44959,159,0,1,0,0.03,0,0
44960,13,0,1,0,0.38,0,0
44964,5,0,0,0,1,0,0
44965,5,0,0,0,1,0,0
44966,5,0,0,0,1,0,0
44967,5,0,0,0,1,0,0
44968,10,0,0,0,1,0,0
44969,10,0,0,0,1,0,0
44970,5,0,0,0,1,0,0
44974,7,0,0,0,1,0,0
44975,46,0,0.85,0,0.15,0,0
44986,65,0,0.98,0.05,0.06,0.06,0
44987,65,0.09,0.98,0.05,0.06,0.06,0
44988,66,0.09,0.98,0.05,0.06,0.06,0
44989,16,0.19,0.94,0,0.25,0.25,0
44990,29,0,0.97,0.1,0.14,0.14,0
44991,83,0.07,0.99,0.04,0.05,0.05,0
44992,86,0.07,1,0.03,0.05,0.05,0
44993,4,0.75,0,0,1,1,0
44998,9,0,0.33,0,0.67,0,0
44999,9,0,0.33,0,0.67,0,0
45000,6,0,0,0,1,0,0
45003,7,0,0,1,0,0,0
45004,118,0.04,0.92,0.06,0.08,0.05,0
45005,87,0,0.85,0,0.11,0.07,0
45006,102,0,0.92,0,0.1,0.06,0
45007,102,0,0.92,0,0.1,0.06,0
45008,102,0,0.92,0,0.1,0.06,0
45009,97,0,1,0,0,0,0
45010,97,0,1,0,0,0,0
45011,97,0,1,0,0,0,0
45012,97,0,1,0,0,0,0
45014,5,0,1,0,0,0,0
45015,5,0,1,0,0,0,0
45016,52,0.06,0.94,0.08,0,0,0
45017,51,0.06,0.92,0.08,0,0,0
45018,57,0.05,0.98,0.07,0,0,0
45019,66,0.05,0.98,0.06,0,0.02,0
45020,36,0.06,0.81,0,0.17,0.11,0
45021,9,0.22,0.11,0,0.67,0.44,0
45022,7,0.29,0.14,0,0.86,0.29,0
45023,7,0.29,0.14,0,0.86,0.29,0
45024,9,0.22,0.11,0,0.67,0.44,0
45025,9,0,0.11,0,0.67,0.44,0
45026,7,0,0,0,0.86,0.14,0
45027,7,0,0,0,0.86,0.14,0
45028,48,0.04,0.88,0,0.13,0.06,0
45029,48,0.04,0.88,0,0.13,0.06,0
45030,9,0.22,0,0,0.67,0.33,0
45031,14,0,0.5,0,0.43,0.07,0
45032,14,0,0.5,0,0.43,0.07,0
45033,7,0,1,0,0,0,0
45034,7,0,1,0,0,0,0
45035,7,0,1,0,0,0,0
45036,13,0.38,0.69,0,0.15,0,0
45040,54,0.06,0.91,0.07,0.09,0.09,0
45041,7,0.43,0.71,0.57,0.71,0.71,0
45045,124,0.03,0.98,0.02,0,0,0
45046,58,0,1,0,0,0,0
45047,58,0,1,0,0,0,0
45048,58,0,1,0,0,0,0
45049,78,0,0.95,0.06,0.09,0,0
45050,123,0.05,0.96,0.04,0.06,0.02,0
45051,126,0.05,0.97,0.04,0.06,0.02,0
45052,106,0.08,0.96,0.05,0.07,0.03,0
45053,37,0.08,0.86,0.14,0.19,0.08,0
45054,34,0.09,0.85,0.15,0.21,0.09,0
45055,54,0.06,0.93,0.09,0.13,0,0
45056,29,0,1,0,0,0,0
45057,29,0,1,0,0,0,0
45058,29,0,1,0,0,0,0
45059,29,0,1,0,0,0,0
45061,3,1,0,0,0,1,0
45062,3,1,0,0,0,1,0
45063,83,0,1,0,0,0,0
45064,97,0,1,0,0,0,0
45065,6,0.67,0.5,0.67,0,0,0
45066,11,0.36,0.82,0.36,0,0,0
45067,29,0.14,0.93,0.14,0,0.03,0
45068,29,0,0.93,0.14,0,0,0
45069,24,0,1,0,0,0,0
45070,24,0,1,0,0,0,0
45071,24,0,1,0,0,0,0
45072,36,0.14,0.67,0,0.36,0,0
45073,55,0.09,0.91,0,0.24,0.11,0
45074,53,0,0.79,0,0.25,0,0
45075,57,0.05,0.74,0,0.23,0.07,0
45076,17,0.18,0,0,0.76,0.24,0
45077,13,0,0,0,1,0,0
45081,1,1,0,0,1,0,0
45082,65,0.06,0.94,0,0.05,0.03,0
45083,17,0.12,0.88,0.12,0.12,0.12,0
45084,19,0.11,0.95,0.11,0.11,0.11,0
45085,4,0.5,0.75,0.5,0.5,0.5,0
45086,4,0,0.75,0.5,0.5,0.5,0
45090,3,1,0,0.33,0,0,0
45091,4,0.75,0.25,0.25,0,0,0
45092,1,0,1,0,0,0,0
45093,1,0,1,0,0,0,0
45094,1,0,1,0,0,0,0
45095,8,0,0.13,0,0.88,0,0
45096,8,0,0.13,0,0.88,0,0
45097,79,0,1,0.09,0.09,0,0
45098,79,0.04,1,0.09,0.09,0.06,0
45099,14,0.43,0.64,0.5,0.5,0.36,0
45100,7,0.57,0,1,1,0.71,0
45101,37,0.11,0.86,0.19,0.19,0,0
45102,110,0.04,0.99,0,0,0,0
45103,84,0.05,0.99,0,0,0,0
45104,26,0.08,0.92,0,0,0.08,0
45105,26,0.08,0.92,0,0,0.08,0
45106,26,0.08,0.92,0,0,0.08,0
45107,26,0,0.92,0,0,0.08,0
45108,122,0,1,0,0,0,0
45109,120,0,1,0,0,0,0
45110,122,0,0.98,0,0.02,0.02,0
45111,4,0,0.75,0,0.75,0.75,0
45112,5,0,0.8,0,0.6,0.6,0
45116,3,0,0,0,1,1,0
45117,25,0,0.96,0,0.12,0.12,0
45118,26,0,0.96,0,0.12,0.12,0
45119,21,0,1,0,0,0,0
45120,18,0,1,0,0,0,0
45121,11,0,1,0,0,0,0
45122,11,0,1,0,0,0,0
45123,11,0,1,0,0,0,0
45124,11,0,1,0,0,0,0
45125,4,0,0,0,0,1,0
45126,4,0,0,0,0,1,0
45127,34,0,0.88,0,0,0.12,0
45128,34,0,0.88,0,0,0.12,0
45132,17,0,0.59,0,0,0.41,0
45133,10,0,1,0,0,0,0
45134,10,0,1,0,0,0,0
45135,10,0,1,0,0,0,0
45136,75,0,1,0,0,0,0
45140,5,0,0,0,0,1,0
45141,5,0,0,0,0,1,0
45142,5,0,0,0,0,1,0
45148,45,0,1,0,0,0,0
45149,45,0,1,0,0,0,0
45150,16,0,1,0,0,0,0
45151,16,0,1,0,0,0,0
45156,3,0,0,0,1,0.33,0
45158,53,0,0.94,0,0.06,0.02,0
45160,8,0,0.63,0,0.38,0.13,0
45161,5,0,1,0,0,0,0
45162,3,0,0,0,1,0.33,0
45164,15,0,1,0,0,0,0
45169,109,0,1,0,0,0,0
45170,109,0,1,0,0,0,0
45171,109,0,1,0,0,0,0
45172,109,0,1,0,0,0,0
45182,85,0,1,0,0,0,0
45184,65,0,1,0,0,0,0
45185,65,0,1,0,0,0,0
45186,65,0,1,0,0,0,0
45187,65,0,1,0,0,0,0
45188,65,0,1,0,0,0,0
45191,39,0,1,0,0,0,0
45194,1,0,0,0,1,0,0
45196,24,0,0.96,0,0.04,0,0
45197,23,0,1,0,0,0,0
45213,47,0,1,0,0,0,0
45220,15,0,1,0,0,0,0
45221,15,0,1,0,0,0,0
45226,4,0,1,0,0,0,0
45228,1,0,1,0,0,0,0
45230,5,0,1,0,0,0,0
45231,5,0,1,0,0,0,0
45232,35,0,1,0,0,0,0
45233,35,0,1,0,0,0,0
45234,14,0,1,0,0,0,0
45235,14,0,1,0,0,0,0
45236,1,0,1,0,0,0,0
45238,7,0,1,0,0,0,0
45239,7,0,1,0,0,0,0
45240,32,0,0.59,0,0,0.41,0
45241,19,0,1,0,0,0,0
45249,2,0,1,0,0,0,0
45250,25,0,1,0,0,0,0
45251,25,0,1,0,0,0,0
45252,6,0,1,0,0,0,0
45253,4,0,1,0,0,0,0
45254,1,0,0,0,1,1,0
45256,1,0,0,0,1,1,0
45258,45,0,1,0,0,0,0
45273,2,0,1,0,0,0,0
45278,39,0,1,0,0,0,0
45279,39,0,1,0,0,0,0
45295,4,0,1,0,0,0,0
45301,55,0,1,0,0,0,0
45303,105,0,1,0,0,0,0
45304,105,0,1,0,0,0,0
45307,22,0,1,0,0,0,0
45308,22,0,1,0,0,0,0
45311,2,0,1,0,0,0,0
45394,2,0,0,0.5,0.5,0.5,1
45395,2,0,0,0,0,0,1
45398,26,0,0.96,0.04,0,0,0
45399,25,0,1,0,0,0,0
45400,25,0,1,0,0,0,0
45401,25,0,1,0,0,0,0
45402,1,0,0,0,0,1,0
45427,36,0,1,0,0,0,0
45430,39,0,1,0,0,0,0
45433,1,0,1,0,0,0,0
45434,1,0,1,0,0,0,0
45446,1,1,0,0,0,0,0
45460,10,0.5,0,0.8,1,0,0
45464,1,0,0,1,1,0,0
45465,1,1,0,1,1,0,0
45466,1,1,0,1,1,0,0
45467,1,0,0,1,1,0,0
45468,1,1,0,1,1,0,0
45469,1,1,0,1,1,0,0
45470,1,1,0,1,1,0,0
45471,1,0,0,1,1,0,0
45472,1,0,0,0,1,0,0
45473,2,0.5,0,0,0.5,0,0
45474,1,1,0,0,0,0,0
45487,5,0,0,0,1,0,0
45488,5,0,0,0,1,0,0
45489,5,0,0,0,1,0,0
45490,5,0,0,0,1,0,0
45491,5,0,0,0,1,0,0
45492,5,0,0,0,1,0,0
45493,5,0,0,0,1,0,0
45494,5,0,0,0,1,0,0
45495,5,0,0,0,1,0,0
45496,5,0,0,0,1,0,0
45499,1,1,0,0,0,0,0
45518,1,0,1,0,0,0,0
45519,2,1,0,0,0,0,0
45520,2,1,0,0,0,0,1
45521,2,1,0,0,0,0,1
45526,1,0,1,0,0,0,0
45529,16,0,1,0,0,0,0
45530,2,0,1,0,0,0,0
45540,6,0,1,0,0,0,0
45541,6,0,1,0,0,0,0
45552,4,0,1,0,0,0,0
45553,4,0,1,0,0,0,0
45554,4,0,1,0,0,0,0
45555,4,0,1,0,0,0,0
45565,1,0,0,0,0,1,0
45567,1,0,0,0,0,1,0
45577,2,0,1,0,0,0,0
45586,1,0,1,0,0,0,0
45589,3,1,0,0,0,0,0.67
45590,3,1,0,0,0,0,0.67
45598,7,0,1,0,0,0,0
45599,2,0,1,0,0,0,0
45600,2,0,1,0,0,0,0
45601,2,0,1,0,0,0,0
45611,2,0,1,0,0,0,0
45612,2,0,1,0,0,0,0
45621,7,0,1,0,0,0,0
45622,11,0,1,0,0,0,0
45623,11,0,1,0,0,0,0
45631,10,0,1,0,0,0,0
45632,10,0,1,0,0,0,0
45633,4,0,1,0,0,0,0
45637,2,0,1,0,0,0,0
45639,2,0,1,0,0,0,0
45643,2,0,1,0,0,0,0
45644,2,0,1,0,0,0,0
45646,2,0,1,0,0,0,0
45649,2,0,1,0,0,0,0
45650,9,0.11,0.67,0,0.11,0.22,0
45651,4,0.25,0.75,0,0.25,0,0
45652,1,0,1,0,0,0,0
45653,1,0,0,1,0,0,0
45654,5,0.2,1,0.2,0.2,0.2,0
45655,1,1,0,0,0,1,0
45656,5,0.2,0.6,0,0.2,0.2,0
45657,2,0.5,0.5,0,0.5,0,0
45658,7,0,0.86,0.14,0,0,0
45659,12,0.08,1,0.08,0.08,0.08,0
45660,5,0.2,0.8,0,0,0.2,0
45663,9,0,1,0.11,0.11,0.11,0
45664,9,0,1,0.11,0.11,0.11,0
45665,4,0,1,0,0,0,0
45667,2,0,0,0,1,0,0
45668,2,0,0,0,1,0,0
45669,12,0,0.83,0,0.17,0,0
45670,12,0,0.83,0,0.17,0,0
45675,12,0,0.92,0,0,0.08,0
45676,2,0,1,0,0,0,0
45678,4,0,0,1,0,0,0
45679,4,0,0,1,0,0,0
45680,4,0,0,1,0,0,0
45681,4,0,0,1,0,0,0
45684,4,0,0,1,0,0,0
45685,4,0,0,1,0,0,0
45686,7,0,0.43,0.57,0,0,0
45687,7,0,0.43,0.57,0,0,0
45688,3,0,1,0,0,0,0
45689,3,0,1,0,0,0,0
45690,4,0,1,0,0,0,0
45699,3,0,1,0,0,0,0
45700,2,0,1,0,0,0,0
45704,2,0,1,0,0,0,0
45705,2,0,1,0,0,0,0
45706,4,0,1,0,0,0,0
45711,14,0,1,0,0,0,0
45741,2,0,1,0,0,0,0
45752,8,0,1,0,0,0,0
45753,6,0,1,0,0,0,0
45754,3,0,1,0,0,0,0
45755,6,0,1,0,0,0,0
45756,3,0,1,0,0,0,0
45757,7,0,0.57,0,0,0.43,0
45758,4,0,1,0,0,0,0
45768,1,0,1,0,0,0,0
45769,1,0,1,0,0,0,0
45770,1,0,1,0,0,0,0
45771,1,0,1,0,0,0,0
45772,1,0,1,0,0,0,0
45773,2,0,0.5,0,0,0.5,0
45777,1,0,0,0,0,1,0
45779,3,0,1,0,0,0,0
45780,5,0,1,0,0,0,0
45783,2,0,1,0,0,0,0
45788,1,0,1,0,0,0,0
45789,1,0,1,0,0,0,0
45791,3,0,1,0,0,0,0
45802,8,0,1,0,0,0,0
45815,4,0,1,0,0,0,0
45816,18,0,1,0,0,0.06,0
45817,18,0,1,0,0,0,0
45820,19,0,1,0,0,0.05,0
45821,19,0,1,0,0,0,0
45824,20,0,1,0,0,0.2,0
45825,20,0,1,0,0,0,0
45826,20,0,1,0,0,0,0
45827,20,0,1,0,0,0,0
45828,18,0,1,0,0,0.22,0
45829,18,0,1,0,0,0,0
45832,18,0,1,0,0,0.22,0
45833,18,0,1,0,0,0,0
45836,18,0,1,0,0,0.22,0
45837,18,0,1,0,0,0,0
45840,14,0,1,0,0,0.29,0
45841,14,0,1,0,0,0,0
45842,14,0,1,0,0,0,0
45843,14,0,1,0,0,0,0
45844,14,0,1,0,0,0,0
45845,14,0,1,0,0,0,0
45859,4,0,1,0,0,0,0
45860,4,0,1,0,0,0,0
45863,6,0,0.83,0.17,0,0,0
45864,5,0,1,0,0,0,0
45865,1,0,0,1,0,0,0
45869,2,0,1,0,0,0,0
45870,2,0,1,0,0,0,0
45882,6,0,1,0,0,0,0
45884,1,0,1,0,0,0,0
45885,12,0,0.08,0,0.92,0.92,0
45886,12,0.83,0.08,0,0.92,0.92,0
45887,12,0.83,0.58,0.83,0.92,1,0.08
45888,12,0.83,0.08,0.83,0.92,0.92,0
45889,11,0.91,0,0.91,1,1,0.18
45890,13,0.77,0.54,0.77,0.85,1,0.08
45891,11,0.91,0,0.91,1,1,0
45892,7,0,0,0,1,1,0
45893,10,0.6,0.5,0.5,0.7,1,0.3
45894,10,0.6,0.5,0.5,0.7,1,0.3
45895,10,0.6,0.5,0.5,0.7,1,0.3
45896,10,0.6,0.3,0.5,0.7,0.7,0
45897,10,0.6,0.3,0.5,0.7,0.7,0.1
45898,7,0.86,0,0.71,1,1,0.14
45899,13,0.46,0.62,0.38,0.54,0.77,0.23
45900,13,0.46,0.62,0.38,0.54,0.77,0.23
45901,10,0.6,0.5,0.5,0.7,1,0.3
45902,7,0.86,0,0.71,1,1,0
45913,5,0.4,0.8,0,0,0,0
45917,4,0.25,1,0,0,0,0
45918,2,0.5,0.5,0,0,0,0
45924,5,0,1,0,0,0,0
45929,5,0,1,0,0,0,0
45943,1,0,0,0,1,0,0
45945,1,0,0,0,1,0,0
45949,12,0,0.92,0,0,0.08,0
45950,11,0,1,0,0,0,0
45965,2,0,1,0,0,0,0
46006,1,0,0,0,1,1,0
46008,1,0,0,0,1,1,0
46013,1,0,1,0,0,0,0
46014,9,0,0.44,0,0,0.11,0.67
46015,6,0,0,0,0,0,1
46016,6,0,0,0,0,0,1
46017,6,0,0,0,0,0,1
46018,6,0,0,0,0,0,1
46019,6,0,0,0,0,0,1
46029,1,0,0,0,1,1,0
46031,1,0,0,0,1,1,0
46033,1,0,1,0,0,0,0
46034,9,0,0.44,0,0,0.11,0.67
46035,6,0,0,0,0,0,1
46036,6,0,0,0,0,0,1
46037,6,0,0,0,0,0,1
46038,6,0,0,0,0,0,1
46039,6,0,0,0,0,0,1
46040,3,0,1,0,0,0,0
46041,3,0,1,0,0,0,0
46044,2,0,1,0,0,0,0
46047,2,0,1,0,0,0,0
46048,2,0,1,0,0,0,0
46065,3,0,1,0,0,0.33,0
46066,5,0,1,0,0,0.2,0
46067,1,0,0,0,0,1,0
46068,2,0,0.5,0,0,0.5,0
46069,1,0,1,0,0,0,0
46070,1,0,1,0,0,0,0
46073,1,0,1,0,0,0,0
46074,1,0,1,0,0,0,0
46081,5,0,0,0,1,1,0
46082,6,0.33,0.5,0,0.83,1,0
46083,5,0.8,0.2,0,1,1,0.2
46084,6,0.5,0.67,0,0.83,1,0
46085,5,0.6,0.4,0,1,1,0
46086,5,0,0,0,1,1,0
46087,7,0.29,0.43,0,1,0.86,0
46088,7,0.57,0.14,0,1,0.71,0.14
46089,7,0.43,0.57,0,1,0.86,0
46090,5,0.6,0.4,0,1,1,0
46097,3,0,1,0,0,1,0
46098,3,0,1,0,0,1,0
46099,3,0,1,0,0,1,0
46100,3,0,1,0,0,1,0
46101,4,0,1,0,0,0.75,0
46102,4,0,1,0,0,0.75,0
46112,3,0,1,0,0,0,0
46130,11,0,1,0,0,0,0
46143,1,0,1,0,0,0,0
46144,1,0,1,0,0,0,0
46147,1,0,0,0,1,0,0
46156,7,0,1,0,0,0,0
46157,7,0,1,0,0,0,0
46161,12,0,1,0,0,0,0
46179,2,1,1,1,0,1,0
46180,2,1,1,1,0,1,0
46181,2,1,1,1,0,1,0
46182,2,1,1,1,0,1,0
46185,5,0,1,0,0,0,0
46186,5,0,1,0,0,0,0
46193,10,0,1,0,0,0,0
46194,10,0,1,0,0,0,0
46195,6,0,1,0,0,0,0
46196,6,0,1,0,0,0,0
46197,10,0,1,0,0,0,0
46198,10,0,1,0,0,0,0
46199,10,0,1,0,0,0,0
46200,6,0,0.83,0,0,0.17,0
46201,8,0,1,0,0,0,0
46202,8,0,1,0,0,0,0
46203,8,0,1,0,0,0,0
46207,3,0,1,0,0,0,0
46208,3,0,1,0,0,0,0
46209,3,0,1,0,0,0,0
46210,1,0,0,0,0,1,0
46221,9,0,1,0,0,0.11,0
46222,9,0,1,0,0,0,0
46225,15,0,1,0,0,0.07,0
46226,15,0,1,0,0,0,0
46227,3,0,1,0,0,0,0
46234,6,0,1,0,0,0,0
46235,6,0,1,0,0,0,0
46236,19,0,1,0,0,0,0
46238,4,0,1,0,0,0,0
46239,4,0,1,0,0,0,0
46247,12,0,1,0,0,0,0
46249,1,1,1,0,0,0,0
46250,1,1,1,0,0,0,0
46251,1,0,0,0,1,0,0
46257,5,0,1,0,0,0,0
46258,1,0,1,0,0,0,0
46259,5,0,1,0,0,0,0
46260,5,0,1,0,0,0,0
46261,5,0,1,0,0,0,0
46262,5,0,1,0,0,0,0
46263,14,0,1,0,0,0,0
46264,20,0,1,0,0,0,0
46265,20,0,1,0,0,0,0
46270,4,0,1,0,0,0,0
46276,2,0,1,0,0,0,0
46277,2,0,1,0,0,0,0
46278,11,0,0.91,0,0.18,0,0
46279,10,0,1,0,0,0,0
46280,12,0,0.92,0,0.17,0.08,0
46281,11,0,1,0,0,0,0
46282,5,0,0.6,0,0.4,0.2,0
46283,3,0,1,0,0,0,0
46284,2,0,1,0,0,0,0
46285,1,0,1,0,0,0,0
46286,1,0,1,0,0,0,0
46287,14,0,1,0,0,0,0
46288,14,0,1,0,0,0,0
46295,11,0,1,0,0,0,0
46297,2,0,1,0,0,0,0
46298,2,0,1,0,0,0,0
46299,2,0,1,0,0,0,0
46300,2,0,1,0,0,0,0
46307,4,0,1,0,0,0,0
46314,4,0,1,0,0,0,0
46315,4,0,1,0,0,0,0
46323,2,0,1,0,0,0,0
46326,1,0,0,0,0,1,0
46328,1,0,0,0,0,1,0
46340,16,0,1,0,0,0,0
46341,16,0,1,0,0,0,0
46342,16,0,1,0,0,0,0
46344,8,0,1,0,0,0,0
46345,8,0,1,0,0,0,0
46346,8,0,1,0,0,0,0
46347,8,0,1,0,0,0,0
46348,11,0,1,0,0,0,0
46349,11,0,1,0,0,0,0
46350,11,0,1,0,0,0,0
46351,11,0,1,0,0,0,0
46352,10,0,1,0,0,0,0
46355,12,0,1,0,0,0,0
46356,12,0,1,0,0,0,0
46357,4,0,1,0,0,0,0
46358,4,0,1,0,0,0,0
46359,4,0,1,0,0,0,0
46361,11,0,1,0,0,0,0
46362,11,0,1,0,0,0,0
46363,11,0,1,0,0,0,0
46364,11,0,1,0,0,0,0
46365,2,0,1,0,0,0,0
46373,4,0,1,0,0,0,0
46375,7,0,1,0,0,0,0
46376,7,0,1,0,0,0,0
46378,2,0,1,0,0,0,0
46379,2,0,1,0,0,0,0
46383,3,0,1,0,0,0,0
46387,2,0,1,0,0,0,0
46388,5,0,1,0,0,0,0
46389,5,0,1,0,0,0,0
46390,3,0,1,0,0,0,0
46399,2,0,1,0,0,0,0
46405,2,0,1,0,0,0,0
46406,26,0,1,0,0,0.04,0
46407,6,0,1,0,0,0.17,0
46408,5,0.2,0.2,0,0.6,0.2,0
46409,4,0.5,0.75,0.25,1,0,0.25
46410,4,0.5,0.25,0,0.75,0.25,0
46411,6,0.17,0.83,0.17,0.67,0.17,0.17
46412,6,0.33,0.5,0.17,0.83,0.17,0.33
46413,6,0.33,0.17,0,0.67,0,0.33
46414,6,0.33,0.5,0.17,0.83,0.17,0.33
46415,4,0,1,0,0,0,0
46417,23,0,0.96,0,0,0.04,0
46418,10,0,1,0,0,0,0
46419,4,0,0.75,0,0,0.25,0
46421,2,0,1,0,0,0,0
46422,3,0,1,0,0,0,0
46423,23,0,1,0,0,0,0
46424,8,0,1,0,0,0,0
46425,8,0,1,0,0,0,0
46427,6,0,1,0,0,0,0
46428,7,0,1,0,0,0.14,0
46429,6,0,1,0,0,0,0
46430,6,0,1,0,0,0.17,0
46452,2,0,1,0,0,0,0
46453,2,0,1,0,0,0,0
46454,1,0,1,0,0,0,0
46455,1,1,0,0,0,0,0
46496,3,1,0,0.33,0,0,0.33
46497,10,1,0,0,0,0,0
46498,6,1,0,0,0,0,0
46499,6,1,0,0,0,0,0
46500,6,1,0,0,0,0,0
46501,2,1,0,0.5,0,0,0.5
46502,2,1,0,0,0,0,0
46503,2,1,0,0,0,0,0
46504,4,1,0,0,0,0,0
46505,4,1,0,0,0,0,0
46506,4,1,0,0,0,0,0
46507,4,1,0,0,0,0,0
46508,4,1,0,0,0,0,0
46509,4,1,0,0,0,0,0
46533,6,0,1,0,0,0,0
46547,1,0,1,0,0,0,0
46548,1,0,1,0,0,0,0
46549,1,0,1,0,0,0,0
46562,3,0,0,0,0,1,0
46563,1,0,1,0,0,0,0
46566,3,0,0,0,0,1,0
46568,1,0,1,0,0,0,0
46574,1,1,0,0,1,0,0
46575,1,1,0,0,1,0,0
46576,6,0,1,0,0,0,0
46577,3,0.67,0.67,0.67,0.67,0.33,0.67
46578,3,0.67,0.67,0.67,0.67,0.33,0.67
46579,6,0,1,0,0,0,0
46580,2,1,1,1,1,0.5,1
46581,2,1,0,1,1,0.5,1
46584,6,0,1,0,0,0,0
46585,4,0,1,0,0,0,0
46586,2,0,1,0,0,0,0
46587,2,0,1,0,0,0,0
46588,3,0,1,0,0,0,0
46589,4,0,1,0,0,0,0
46592,3,0,1,0,0,0,0
46593,3,0,1,0,0,0,0
46594,3,0,1,0,0,0,0
46595,3,0,1,0,0,0,0
46612,1,0,0,0,1,0,0
46613,1,0,0,0,1,0,0
46620,2,0,0,0,1,0,0
46629,2,0,0,0,0,0,1
46630,2,0,0,0,0,0,1
46631,1,0,0,0,0,0,1
46632,3,0,0,0,0,0,1
46633,2,0,0,0,1,0,0
46634,2,0,0,0,1,0,0
46635,2,0,0,0,1,0,0
46636,2,0,0,0,1,0,0
46637,2,0.5,0,0,1,0,0
46638,2,0,0,0,1,0,0
46639,2,0.5,0,0,1,0,0
46640,2,0,0,0,1,0,0
46664,1,0,1,0,0,0,0
46665,1,0,1,0,0,0,0
46669,2,0,1,0,0,0,0
46702,1,0,1,0,0,0,0
46786,6,0.83,0,0.5,1,0,0
46787,6,0.83,0,0.5,1,0,0
46788,6,0.83,0,0.5,1,0,0
46789,3,1,0,1,1,0,0
46790,3,1,0,1,1,0,0
46791,3,1,0,1,1,0,0
46792,3,1,0,0,1,0,0
46793,3,1,0,0,1,0,0
46794,3,0,0,0,1,0,0
46870,1,0,1,0,0,0,0
46881,4,0,1,0,0,0,0
46888,9,0,1,0,0,0,0
46889,9,0,1,0,0,0,0
46896,1,1,0,0,1,0,1
46897,1,1,0,0,1,0,1
46906,11,0,1,0,0,0,0
46911,12,0,1,0,0,0,0
46913,3,0,1,0,0,0,0
46916,15,0.07,1,0.07,0.07,0,0
46917,18,0.06,1,0.06,0.06,0,0
46918,5,0,1,0,0,0,0
46921,2,0,1,0,0,0,0
46923,2,0,1,0,0,0,0
46924,11,0,1,0,0,0,0
46928,14,0,1,0,0,0,0
46939,17,0,1,0,0,0,0
46943,15,0,1,0,0,0,0
46944,14,0,1,0,0,0,0
46945,21,0,1,0,0,0,0
46946,21,0,1,0,0,0,0
46948,15,0,1,0,0,0,0
46949,15,0,1,0,0,0,0
46950,19,0,1,0,0,0,0
46951,3,0,0,0,1,0,0
46952,16,0,1,0,0.06,0,0
46953,3,0,0,0,1,0,0
46954,17,0,0.82,0,0.18,0,0
46955,4,0,1,0,0,0,0
46956,4,0,1,0,0,0,0
46957,4,0,1,0,0,0,0
46958,1,0,0,0,1,0,0
46959,5,0,0.4,0,0.6,0,0
46960,15,0,1,0,0.07,0,0
46961,1,0,1,0,0,0,0
46964,16,0,1,0,0,0,0
46965,11,0,1,0,0,0,0
46969,1,0,0,0,1,0,0
46971,18,0,1,0,0,0,0
46972,7,0,1,0,0,0,0
46977,4,0,1,0,0,0,0
46978,4,0,1,0,0,0,0
46979,22,0,1,0,0,0,0
46980,21,0,1,0,0,0,0
46981,2,0,1,0,0,0,0
46982,1,0,1,0,0,0,0
46983,1,0,1,0,0,0,0
46985,3,0,1,0,0,0,0
46986,3,0,1,0,0,0,0
47005,3,1,0,0,0,0,0
47006,3,1,0,0,0,0,0
47007,3,1,0,0,0,0,0
47008,3,1,0,0,0,0,0
47009,3,1,0,0,0,0,0
47010,3,1,0,0,0,0,0
47018,2,0,1,0,0,0,0
47019,2,0,1,0,0,0,0
47020,2,0,1,0,0,0,0
47021,2,0,1,0,0,0,0
47077,3,0,1,0,0,0,0
47087,3,0,1,0,0,0,0
47089,8,0,1,0,0,0,0
47090,14,0,1,0,0,0,0
47094,12,0,1,0,0,0,0
47096,1,0,1,0,0,0,0
47099,6,0,1,0,0,0,0
47100,6,0,1,0,0,0,0
47106,1,1,0,0,1,0,0
47107,1,1,0,0,1,0,0
47113,2,0,0,0,1,0,0
47114,2,0,0,0,1,0,0
47116,2,0,0,0,1,0,0
47117,2,0,0,0,1,0,0
47127,1,0,1,0,0,0,0
47130,23,0,1,0,0,0,0
47131,4,0,1,0,0,0,0
47132,4,0,1,0,0,0,0
47134,16,0,1,0,0,0,0
47139,8,0,1,0,0,0,0
47157,18,0,1,0,0,0,0
47158,2,0,1,0,0,0,0
47162,5,0,1,0,0,0,0
47163,5,0,1,0,0,0,0
47164,6,0,1,0,0,0,0
47166,8,0,1,0,0,0,0
47168,21,0,1,0,0,0,0
47169,21,0,1,0,0,0,0
47180,21,0,1,0,0,0,0
47181,15,0,1,0,0,0,0
47182,15,0,1,0,0,0,0
47184,5,0,1,0,0,0,0
47185,5,0,1,0,0,0,0
47189,4,0,1,0,0,0,0
47190,4,0,1,0,0,0,0
47191,4,0,1,0,0,0,0
47192,4,0,1,0,0,0,0
47193,14,0,1,0,0,0,0
47194,14,0,1,0,0,0,0
47195,16,0,1,0,0,0,0
47196,16,0,1,0,0,0,0
47205,1,0,1,0,0,0,0
47211,17,0,1,0,0,0,0
47212,17,0,1,0,0,0,0
47215,12,0,1,0,0,0,0
47216,12,0,1,0,0,0,0
47221,4,0,1,0,0,0,0
47222,4,0,1,0,0,0,0
47223,4,0,1,0,0,0,0
47224,4,0,1,0,0,0,0
47227,1,0,0,0,0,1,0
47231,16,0,1,0,0,0,0
47232,16,0,1,0,0,0,0
47233,12,0,1,0,0,0,0
47234,12,0,1,0,0,0,0
47235,12,0,1,0,0,0,0
47236,4,0,1,0,0,0,0
47237,5,0,1,0,0,0,0
47239,9,0,1,0,0,0,0
47240,9,0,1,0,0,0,0
47243,1,0,0,0,0,1,0
47263,9,0,1,0,0,0,0
47264,9,0,1,0,0,0,0
47271,15,0,1,0,0,0,0
47273,4,0,1,0,0,0,0
47274,4,0,1,0,0,0,0
47279,10,0,1,0,0,0,0
47280,10,0,1,0,0,0,0
47281,26,0,1,0,0,0,0
47282,23,0,1,0,0,0,0
47283,25,0,1,0,0,0,0
47284,2,0,1,0,0,0,0
47285,4,0,1,0,0,0,0
47286,4,0,1,0,0,0,0
47287,1,0,0,0,1,1,0
47297,8,0,0.88,0.13,0.13,0.13,0
47298,1,0,0,1,1,1,0
47302,8,0,0.75,0.25,0.25,0.25,0
47303,6,0,1,0,0,0,0
47304,8,0,1,0,0,0,0
47305,8,0,1,0,0,0,0
47306,1,0,0,0,1,1,0
47317,30,0,1,0,0,0,0
47318,30,0,1,0,0,0,0
47321,8,0,1,0,0,0,0
47322,8,0,1,0,0,0,0
47330,15,0,1,0,0,0,0
47331,15,0,1,0,0,0,0
47334,1,0,0,0,1,0,0
47342,4,0,1,0,0,0,0
47343,4,0,1,0,0,0,0
47354,6,0,1,0,0,0,0
47366,2,0,1,0,0,0,0
47367,1,0,1,0,0,0,0
47368,1,0,1,0,0,0,0
47369,1,0,1,0,0,0,0
47370,1,0,0,0,1,1,0
47374,1,0,0,0,1,1,0
47378,8,0,0.88,0,0.13,0,0
47379,7,0,1,0,0,0,0
47386,45,0,1,0,0,0,0
47387,45,0,1,0,0,0,0
47388,45,0,1,0,0,0,0
47390,19,0,1,0,0,0,0
47391,21,0,1,0,0,0,0
47392,21,0,1,0,0,0,0
47393,23,0,0.09,0,0.91,0,0
47394,26,0.35,0.27,0,0.81,0,0
47395,24,0.38,0.21,0,0.88,0,0
47396,21,0.43,0,0,1,0.14,0
47397,22,0.41,0.05,0,0.95,0.14,0
47398,41,0.22,0.8,0.12,0.66,0.07,0.12
47399,38,0.37,0.79,0.13,0.71,0.08,0.13
47400,38,0.37,0.79,0.13,0.71,0.08,0.13
47401,37,0.38,0.78,0.14,0.73,0.08,0.14
47402,27,0.52,0,0.19,1,0,0.19
47403,34,0.41,0.47,0,0.79,0,0
47404,29,0.52,0.45,0,0.72,0,0
47405,31,0.48,0.52,0,0.68,0,0.06
47406,31,0.48,0.52,0,0.68,0,0.06
47407,24,0.63,0.25,0,0.88,0,0
47408,41,0.37,0.83,0.12,0.66,0,0.12
47409,36,0.28,0.81,0.14,0.75,0.08,0.14
47410,36,0.28,0.81,0.14,0.75,0.08,0.14
47411,38,0.26,0.82,0.13,0.71,0.08,0.13
47412,31,0.32,0.23,0.16,0.87,0,0.16
47413,31,0.32,0.23,0,0.87,0,0
47414,21,0.48,0,0,1,0,0
47415,22,0,0,0,1,0,0
47416,22,0.45,0,0,1,0,0
47417,22,0.45,0,0,1,0.14,0
47418,22,0.45,0,0,1,0.14,0
47419,35,0.29,0.49,0.17,0.8,0.09,0.26
47420,37,0.27,0.51,0.16,0.76,0.11,0.24
47421,37,0.41,0.51,0.16,0.76,0.11,0.24
47422,34,0.44,0.56,0.18,0.82,0.12,0.18
47423,34,0.44,0.56,0.18,0.82,0.12,0.18
47424,35,0.43,0.46,0,0.8,0,0.17
47425,28,0.36,0.43,0,0.79,0,0.21
47426,28,0.57,0.43,0,0.79,0,0.21
47427,24,0.67,0.71,0,0.92,0,0.08
47428,31,0.52,0.77,0,0.71,0,0.06
47429,43,0.37,0.72,0.12,0.65,0,0.19
47430,36,0.31,0.53,0.14,0.78,0.11,0.22
47431,36,0.31,0.53,0.14,0.78,0.11,0.22
47432,34,0.32,0.56,0.15,0.82,0.12,0.15
47433,34,0.32,0.56,0.15,0.82,0.12,0.15
47434,45,0.24,0.42,0.11,0.62,0,0.11
47435,39,0.28,0.49,0,0.56,0,0
47436,26,0.54,0.73,0,0,0,0.15
47437,14,1,0,0.5,0,0,0.29
47438,15,1,0,0.47,0.33,0.33,0
47439,31,0.48,0.68,0.23,0.16,0.16,0
47440,34,0.44,0.62,0.21,0.15,0.32,0
47441,35,0.43,0.69,0.2,0.14,0.31,0.06
47442,31,0.48,0.68,0.23,0.39,0.16,0.06
47443,22,0.68,0.27,0.5,0.36,0.23,0
47444,24,0.63,0.38,0.21,0.33,0.25,0.17
47445,21,0.71,0,0.24,0.38,0.24,0.19
47446,39,0.38,0.85,0.13,0.21,0,0.1
47447,41,0.37,0.83,0.12,0.2,0.12,0.1
47448,36,0.31,0.92,0,0.22,0.14,0
47449,33,0,0.85,0,0.24,0.15,0
47450,30,0,0.93,0,0.27,0,0
47451,30,0,1,0,0,0,0
47452,13,0,1,0,0,0,0
47455,5,0,1,0,0,0,0
47456,12,1,0,0,0,0,0.17
47457,12,1,0,0,0,0,0.17
47458,12,1,0,0,0,0,0.17
47459,12,1,0,0.58,0,0,0.17
47460,13,1,0,0.54,0.38,0.38,0
47461,18,0.72,0.5,0.39,0.28,0.28,0
47462,21,0.62,0.43,0.33,0.24,0.38,0
47463,21,0.62,0.43,0.33,0.24,0.38,0.1
47464,20,0.65,0.45,0.35,0.65,0.25,0.1
47465,42,0.31,0.93,0.26,0.21,0,0
47466,42,0.31,0.93,0.12,0.21,0.02,0.1
47467,42,0.31,0.93,0.12,0.21,0,0.1
47468,15,0.87,0,0.33,0.6,0,0.27
47469,51,0.25,0.84,0.1,0.18,0.04,0.08
47470,49,0.22,0.88,0,0.18,0.04,0
47471,48,0,0.9,0,0.19,0.04,0
47480,20,0,1,0,0,0,0
47481,20,0,1,0,0,0,0
47482,20,0,1,0,0,0,0
47485,3,0,1,0,0,0,0
47486,11,0,1,0,0,0,0
47487,8,0,1,0,0,0,0
47488,8,0,1,0,0,0,0
47494,1,1,0,0,0,0,0
47495,1,1,0,0,0,0,0
47499,2,1,0,0,0,0,0
47522,4,1,0,0,0,0,0
47523,6,0.67,0.33,0,0,0,0
47524,11,0.36,0.18,0,0.45,0,0
47525,7,0,0.29,0,0.71,0,0
47526,10,0,0.5,0,0.5,0,0
47527,10,0,0.5,0,0.5,0,0
47540,3,1,0,0,0,0,0
47541,3,1,0,0,0,0,0
47542,3,1,0,0,0,0,0
47543,7,1,0,0,0,0,0
47544,4,1,0,0,0,0,0
47545,4,1,0,0,0,0,0
47546,4,1,0,0,0,0,0
47548,6,0.67,0.33,0,0,0,0
47549,6,0.67,0.33,0,0,0,0
47550,4,1,0,0,0,0,0
47551,9,0.44,0,0,0.56,0,0
47552,5,0,0,0,1,0,0
47553,5,0,0,0,1,0,0
47554,5,0,0,0,1,0,0
47555,8,0,0,0,1,0,0
47588,3,1,0,0,0,0,0
47589,3,1,0,0,0,0,0
47590,3,1,0,0,0,0,0
47591,1,1,0,0,0,0,0
47592,1,1,0,0,0,0,0
47593,3,1,0,0,0,0,0
47597,12,0,1,0,0,0,0
47599,7,0,1,0,0,0,0
47600,9,0,1,0,0,0,0
47601,10,0,1,0,0,0,0
47604,6,0,1,0,0,0,0
47612,9,0,1,0,0,0,0
47616,3,0,1,0,0,0,0
47619,16,0,1,0,0,0,0
47620,16,0,1,0,0,0,0
47630,5,0,1,0,0,0,0
47631,4,0,1,0,0,0,0
47632,1,0,1,0,0,0,0
47633,1,0,1,0,0,0,0
47636,6,0,1,0,0,0,0
47637,6,0,1,0,0,0,0
47653,4,0,1,0,0,0,0
47654,4,0,1,0,0,0,0
47655,4,0,1,0,0,0,0
47656,4,0,1,0,0,0,0
47657,4,0,1,0,0,0,0
47662,2,0,1,0,0,0,0
47664,6,0,1,0,0,0,0
47665,6,0,1,0,0,0,0
47666,1,0,0,0,1,1,0
47668,1,0,0,0,1,1,0
47670,2,0,1,0,0,0,0
47671,2,0,1,0,0,0,0
47672,2,0,1,0,0,0,0
47673,2,0,1,0,0,0,0
47681,8,0,1,0,0,0,0
47682,8,0,1,0,0,0,0
47683,8,0,1,0,0,0,0
47684,8,0,1,0,0,0,0
47689,8,0,0.88,0,0.13,0,0
47691,1,0,0,0,1,0,0
47693,7,0,1,0,0,0,0
47694,7,0,1,0,0,0,0
47705,2,0,1,0,0,0,0
47706,2,0,1,0,0,0,0
47716,1,0,1,0,0,0,0
47741,1,0,1,0,0,0,0
47761,2,0.5,0,1,0,0,0
47762,2,0,0,1,0,0,0
47766,9,0,1,0,0,0,0
47767,2,1,0,0,0,0,0.5
47768,13,0.08,0.92,0,0,0,0
47769,1,1,0,0,0,0,1
47770,5,0,1,0,0,0,0
47771,5,0,1,0,0,0,0
47772,9,0.11,0.78,0.22,0,0,0
47773,10,0,0.8,0.2,0,0,0
47774,7,0,1,0,0,0,0
47775,11,0,1,0,0,0,0
47802,14,0,1,0,0,0,0
47803,8,0,1,0,0,0,0
47804,8,0,1,0,0,0,0
47805,8,0,1,0,0,0,0
47806,8,0,1,0,0,0,0
47807,9,0,1,0,0,0,0
47808,9,0,1,0,0,0,0
47809,14,0,1,0,0,0.07,0
47811,3,0,1,0,0,0.33,0
47813,14,0,1,0,0,0,0
47814,8,0,1,0,0,0,0
47815,8,0,1,0,0,0,0
47816,8,0,1,0,0,0,0
47817,8,0,1,0,0,0,0
47818,9,0,1,0,0,0,0
47819,9,0,1,0,0,0,0
47820,21,0,0.9,0.05,0.1,0.05,0
47821,2,0,0,0,1,0,0
47823,2,0,0,0.5,1,0.5,0
47824,2,0,0,0,1,0,0
47843,2,0,1,0,0,0,0
47845,2,0,1,0,0,0,0
47848,2,0,1,0,0,0,0
47849,2,0,1,0,0,0,0
47852,1,0,1,0,0,0,0
47867,2,0.5,0.5,0.5,0.5,0,0
47870,7,0,1,0,0,0,0
47871,2,0.5,0.5,0.5,0.5,0,0
47886,1,0,1,0,0,0,0
47896,3,0,1,0,0,0,0
47897,3,0,1,0,0,0,0
47898,9,0,1,0,0,0,0
47899,9,0,1,0,0,0,0
47900,3,0,1,0,0,0,0
47901,3,0,1,0,0,0,0
47904,161,0,1,0,0,0,0
47907,4,0,1,0,0,0,0
47914,20,0,1,0,0,0,0
47915,1,0,1,0,0,0,0
47916,1,0,1,0,0,0,0
47917,15,0,1,0,0,0,0
47918,14,0,1,0,0,0,0
47919,11,0,1,0,0,0,0
47920,11,0,1,0,0,0,0
47921,11,0,1,0,0,0,0
47922,11,0,1,0,0,0,0
47923,11,0,1,0,0,0,0
47924,11,0,1,0,0,0,0
47925,8,0,1,0,0,0,0
47930,10,0,1,0,0,0,0
47931,8,0,1,0,0,0,0
47938,2,0,1,0,0,0,0
47942,14,0,1,0,0,0,0
47943,56,0.02,1,0,0,0,0
47944,27,0,1,0,0,0,0
47945,26,0.04,0.81,0,0.46,0,0
47946,41,0.29,0,0.07,0.98,0,0
47947,48,0.04,0.31,0.02,0.81,0,0
47948,39,0.21,0.13,0.03,0.97,0,0
47949,51,0.16,0.55,0.02,0.75,0,0
47950,28,0,1,0,0,0,0
47952,34,0,0,0,1,0,0
47953,38,0.11,0.24,0.11,0.89,0,0
47954,45,0.09,0.56,0.09,0.76,0,0
47955,43,0.09,0.51,0.09,0.79,0,0
47956,46,0.13,0.61,0.09,0.74,0,0
47957,34,0,0,0,1,0,0
47958,34,0,0,0,1,0,0
47959,50,0,0.34,0,0.76,0,0
47960,47,0.09,0.51,0,0.81,0,0
47961,39,0.26,0,0.1,0.97,0,0
47962,47,0.11,0.26,0.09,0.79,0,0
47963,46,0.09,0.48,0.09,0.8,0,0
47964,46,0.09,0.48,0.09,0.8,0,0
47965,67,0.09,0.67,0.06,0.55,0,0
47966,49,0.08,0.33,0.06,0.84,0,0
47967,59,0.07,0.39,0,0.66,0,0
47968,40,0.25,0,0.08,0.98,0,0
47969,10,1,0,0.2,0,0,0
47971,52,0.21,0.17,0.04,0.92,0,0
47972,21,0.19,0.9,0,0.24,0,0
47973,43,0,0.4,0,0.86,0,0
47974,37,0,0,0,1,0,0
47975,37,0,0,0,1,0,0
47976,37,0,0,0.08,1,0,0
47977,37,0,0,0,1,0,0
47978,37,0,0,0,1,0,0
47979,43,0.09,0.44,0,0.86,0,0
47980,38,0.32,0,0.08,0.97,0,0
47983,52,0.19,0.17,0.02,0.92,0,0
47984,11,0,0,0,1,0,0
47985,11,0,0,0,1,0,0
47986,10,0,0,0,1,0,0
47987,32,0,0.66,0,0.38,0,0
47988,25,0.04,0.84,0,0.44,0,0
47989,54,0,0.35,0,0.89,0,0
47990,51,0.2,0.18,0.02,0.92,0,0
47991,41,0.24,0,0.05,0.98,0,0
47992,42,0.29,0.12,0.02,0.95,0,0
47993,33,0.03,1,0.03,0,0,0
47994,33,0.03,1,0.03,0,0,0
47995,17,0,1,0.12,0,0,0
47996,52,0,0.85,0,0.21,0,0
47997,26,0,0.81,0,0.42,0,0
47998,62,0,0.6,0,0.63,0,0
47999,50,0.08,0.52,0,0.8,0,0
48000,51,0.16,0.53,0,0.8,0,0
48001,31,0.13,0.94,0.03,0.03,0,0
48002,47,0.09,0.98,0.02,0.02,0,0
48003,53,0.09,0.17,0.04,0.91,0,0
48004,50,0.08,0.52,0,0.8,0,0
48005,54,0.22,0.54,0.02,0.72,0,0
48006,331,0,1,0.01,0,0,0
48007,2,0,0,1,0,0,0
48008,186,0,0.31,0,0.96,0,0
48009,203,0.01,0.52,0.07,0.88,0,0
48010,197,0.02,0.29,0.08,0.91,0,0
48011,3,0,0,1,0,0,0
48012,313,0,1,0.01,0,0,0
48013,305,0,1,0,0,0,0
48014,218,0,0.7,0,0.82,0,0
48015,218,0.2,0.7,0,0.82,0,0
48016,218,0.2,0.7,0,0.82,0,0
48017,23,0,0,0.13,0.96,0,0
48018,316,0,0.99,0.01,0.07,0,0
48019,420,0,0.88,0,0.43,0,0
48020,421,0.02,0.9,0,0.43,0,0
48021,420,0.04,0.88,0,0.43,0,0
48022,369,0.01,1,0,0,0,0
48023,313,0.01,1,0,0,0,0
48024,313,0.01,1,0,0,0,0
48025,305,0,1,0,0,0,0
48026,22,0,0,0,1,0,0
48027,386,0.03,0.98,0.01,0.06,0,0
48028,339,0.03,0.95,0.01,0.06,0,0
48029,314,0,1,0.01,0,0,0
48030,312,0,1,0.01,0,0,0
48031,320,0,1,0.01,0,0,0
48032,313,0,1,0,0,0,0
48033,312,0,1,0,0,0,0
48034,313,0,1,0,0,0,0
48035,371,0.01,1,0,0,0,0
48036,371,0.02,1,0,0,0,0
48037,317,0,0.99,0.01,0.07,0,0
48038,317,0.01,0.99,0.02,0.07,0,0
48039,304,0,1,0,0,0,0
48040,304,0,1,0,0,0,0
48041,417,0,0.88,0,0.43,0,0
48042,218,0.2,0.7,0,0.82,0,0
48043,218,0.2,0.7,0,0.82,0,0
48044,305,0,1,0,0,0,0
48045,305,0,1,0,0,0,0
48046,303,0,1,0,0,0,0
48047,418,0,0.88,0,0.43,0,0
48048,218,0.2,0.71,0,0.82,0,0
48049,408,0.11,0.78,0,0.44,0,0
48050,304,0,1,0,0,0,0
48051,305,0,1,0,0,0,0
48052,305,0,1,0,0,0,0
48054,409,0,0.77,0,0.44,0,0
48055,182,0,0.3,0,0.97,0,0
48056,179,0,0.28,0,0.98,0,0
48057,179,0,0.28,0,0.98,0,0
48058,217,0,0.83,0.07,0.81,0,0
48059,405,0,0.79,0.03,0.43,0,0
48060,304,0,1,0,0,0,0
48061,312,0,1,0.01,0,0,0
48062,312,0,1,0.01,0,0,0
48063,305,0,1,0,0,0,0
48064,305,0,1,0,0,0,0
48065,3,0,0,1,0,0,0
48066,3,0,0,1,0,0,0
48067,379,0,1,0.02,0,0,0
48068,313,0,1,0.01,0,0,0
48069,420,0.02,0.88,0,0.43,0,0
48070,420,0.02,0.88,0,0.43,0,0
48071,305,0,1,0,0,0,0
48072,317,0,0.99,0.01,0.07,0,0
48073,316,0.03,0.99,0.01,0.07,0,0
48074,310,0.02,0.98,0.01,0.07,0,0
48075,330,0.01,0.98,0.04,0.06,0,0
48076,318,0.01,0.98,0.04,0.07,0,0
48077,25,0,0,0.48,0.84,0,0
48078,317,0,0.99,0.01,0.07,0,0
48079,317,0,0.99,0.01,0.07,0,0
48080,420,0,0.9,0,0.43,0,0
48081,420,0,0.9,0,0.43,0,0
48082,179,0,0,0,1,0,0
48083,418,0,0.89,0,0.43,0,0
48084,419,0,0.9,0,0.43,0,0
48085,305,0,1,0,0,0,0
48086,23,0,0,0.43,0.96,0,0
48087,316,0,0.99,0.04,0.07,0,0
48088,313,0,1,0,0,0,0
48089,378,0.03,1,0,0,0,0
48090,324,0,1,0,0,0,0
48091,322,0,1,0,0,0,0
48092,317,0,0.99,0.02,0.06,0,0
48093,316,0.01,0.99,0.02,0.06,0,0
48094,316,0.01,0.99,0.02,0.06,0,0
48095,317,0.01,0.99,0.03,0.06,0,0
48096,374,0,0.99,0.02,0.05,0,0
48097,371,0.02,0.99,0,0.05,0,0
48098,218,0,0.7,0,0.82,0,0
48099,218,0.2,0.7,0,0.82,0,0
48100,218,0.2,0.7,0,0.82,0,0
48101,182,0,0,0.01,0.99,0,0
48102,183,0,0.3,0,0.98,0,0
48103,178,0,0.28,0,0.98,0,0
48104,178,0,0.28,0,0.98,0,0
48105,185,0,0.35,0,0.95,0,0
48106,425,0,0.95,0,0.41,0,0
48107,426,0.02,0.96,0.04,0.41,0,0
48108,318,0,0.98,0,0.07,0,0
48111,313,0,1,0.01,0,0,0
48112,312,0.01,1,0.01,0,0,0
48113,413,0.14,0.88,0.01,0.44,0,0
48114,10,1,0,0,0,0,0
48115,217,0,0.71,0,0.82,0,0
48116,217,0.2,0.71,0,0.82,0,0
48117,217,0.2,0.71,0,0.82,0,0
48118,196,0.22,0.3,0,0.91,0,0
48119,180,0.12,0,0,1,0,0
48120,418,0.07,0.89,0,0.43,0,0
48121,318,0,1,0,0,0,0
48122,313,0,1,0,0,0,0
48123,305,0,1,0,0,0,0
48124,313,0,1,0,0,0,0
48125,305,0,1,0,0,0,0
48126,373,0.07,0.99,0.03,0,0,0
48127,178,0,0,0,1,0,0
48128,417,0.12,0.88,0,0.43,0,0
48129,418,0.11,0.9,0,0.43,0,0
48130,418,0.04,0.9,0.01,0.43,0,0
48131,224,0,0.83,0,0.79,0,0
48132,224,0.03,0.83,0,0.79,0,0
48133,222,0.2,0.83,0,0.8,0,0
48134,225,0.2,0.83,0.01,0.79,0,0
48135,313,0,1,0,0,0,0
48136,305,0,1,0,0,0,0
48137,313,0,1,0,0,0,0
48138,312,0,1,0,0,0,0
48139,313,0,1,0,0,0,0
48140,313,0,1,0,0,0,0
48141,305,0,1,0,0,0,0
48142,305,0,1,0,0,0,0
48143,305,0,1,0,0,0,0
48144,184,0,0.29,0,0.96,0,0
48145,184,0,0.29,0,0.96,0,0
48146,421,0,0.95,0,0.42,0,0
48147,422,0.01,0.96,0.03,0.42,0,0
48148,205,0.01,0.52,0.07,0.86,0,0
48149,186,0.24,0.3,0,0.97,0,0
48150,198,0.23,0.3,0.01,0.91,0,0
48151,313,0,1,0,0,0,0
48152,305,0,1,0,0,0,0
48153,305,0,1,0,0,0,0
48154,305,0,1,0,0,0,0
48155,305,0,1,0,0,0,0
48156,305,0,1,0,0,0,0
48157,305,0,1,0,0,0,0
48158,305,0,1,0,0,0,0
48159,305,0,1,0,0,0,0
48160,305,0,1,0,0,0,0
48161,305,0,1,0,0,0,0
48162,178,0,0,0,1,0,0
48163,418,0.11,0.89,0,0.43,0,0
48164,418,0.11,0.89,0,0.43,0,0
48165,418,0.04,0.9,0.01,0.43,0,0
48166,416,0,0.89,0,0.43,0,0
48167,417,0,0.94,0,0.42,0,0
48168,180,0,0.28,0,0.98,0,0
48169,180,0,0.28,0,0.98,0,0
48170,180,0.02,0.28,0.08,0.98,0,0
48171,163,0.01,0.95,0.01,0.14,0,0
48172,23,0,0,0.09,1,0,0
48173,313,0,1,0,0,0,0
48174,312,0,1,0,0,0,0
48175,312,0,1,0,0,0,0
48176,313,0,1,0,0,0,0
48177,313,0,1,0,0,0,0
48178,313,0,1,0,0,0,0
48179,408,0.05,0.77,0,0.44,0,0
48180,220,0.13,0.72,0,0.82,0,0
48181,305,0,1,0,0,0,0
48182,305,0,1,0,0,0,0
48183,305,0,1,0,0,0,0
48184,10,1,0,0,0,0,0
48185,10,1,0,0,0,0,0
48186,179,0,0.08,0,0.99,0,0
48187,218,0.22,0.72,0,0.82,0,0
48188,218,0.22,0.72,0,0.82,0,0
48189,178,0.08,0,0,1,0,0
48190,305,0,1,0,0,0,0
48191,425,0,0.96,0.03,0.42,0,0
48192,420,0,0.9,0.04,0.43,0,0
48193,305,0,1,0,0,0,0
48194,304,0,1,0,0,0,0
48195,408,0,0.76,0,0.44,0,0
48196,420,0.01,0.88,0,0.43,0,0
48197,305,0,1,0,0,0,0
48198,305,0,1,0,0,0,0
48199,305,0,1,0,0,0,0
48200,305,0,1,0,0,0,0
48201,220,0.06,0.72,0,0.82,0,0
48202,183,0,0.3,0,0.98,0,0
48203,178,0,0.28,0,0.98,0,0
48204,178,0,0.28,0,0.98,0,0
48205,185,0,0.35,0,0.95,0,0
48206,426,0,0.95,0,0.41,0,0
48207,427,0.02,0.96,0.04,0.41,0,0
48208,410,0,0.79,0,0.44,0,0
48209,312,0,1,0,0,0,0
48210,420,0.05,0.88,0,0.43,0,0
48211,420,0.07,0.88,0,0.43,0,0
48212,221,0,0.71,0,0.81,0,0
48213,418,0.11,0.88,0,0.43,0,0
48214,418,0.11,0.88,0,0.43,0,0
48215,420,0.04,0.9,0,0.42,0,0
48216,313,0.01,1,0,0,0,0
48217,2,1,0,0,0,0,0
48218,305,0,1,0,0,0,0
48219,305,0,1,0,0,0,0
48220,221,0,0.83,0,0.81,0,0
48221,220,0,0.83,0,0.81,0,0
48222,219,0,0.83,0,0.81,0,0
48223,180,0,0.28,0,0.98,0,0
48224,179,0,0.28,0,0.96,0,0
48225,180,0,0.28,0,0.96,0,0
48226,181,0,0.29,0,0.95,0,0
48227,219,0,0.83,0,0.79,0,0
48228,221,0.03,0.83,0.07,0.78,0,0
48229,409,0,0.79,0,0.44,0,0
48230,312,0,1,0,0,0,0
48231,305,0,1,0,0,0,0
48232,180,0.04,0,0,1,0,0
48233,420,0.02,0.89,0,0.43,0,0
48234,371,0,1,0,0,0,0
48235,313,0,1,0,0,0,0
48236,313,0,1,0,0,0,0
48237,313,0,1,0,0,0,0
48238,371,0.01,1,0,0,0,0
48239,371,0.02,1,0,0,0,0
48240,305,0,1,0,0,0,0
48241,305,0,1,0,0,0,0
48242,305,0,1,0,0,0,0
48243,305,0,1,0,0,0,0
48244,313,0,1,0,0,0,0
48245,312,0,1,0,0,0,0
48246,305,0,1,0,0,0,0
48247,420,0.02,0.88,0,0.43,0,0
48248,419,0.02,0.88,0,0.43,0,0
48249,305,0,1,0,0,0,0
48250,312,0,1,0,0,0,0
48251,312,0,1,0,0,0,0
48252,305,0,1,0,0,0,0
48253,313,0,1,0,0,0,0
48254,419,0,0.89,0,0.42,0,0
48255,418,0.11,0.89,0,0.43,0,0
48256,229,0.19,0.78,0,0.78,0,0
48257,196,0,0.3,0,0.91,0,0
48258,305,0,1,0,0,0,0
48259,311,0,1,0,0,0,0
48260,408,0.05,0.77,0,0.44,0,0
48261,220,0.13,0.72,0,0.82,0,0
48262,371,0,1,0,0.01,0,0
48263,421,0.01,0.95,0.04,0.43,0,0
48264,410,0.01,0.78,0.04,0.44,0,0
48265,180,0.12,0,0,1,0,0
48266,418,0.07,0.89,0,0.43,0,0
48267,370,0,1,0,0,0,0
48268,378,0.01,1,0,0,0,0
48269,322,0,1,0,0,0,0
48270,312,0,1,0,0,0,0
48271,312,0,1,0,0,0,0
48272,304,0,1,0,0,0,0
48273,304,0,1,0,0,0,0
48274,304,0,1,0,0,0,0
48275,304,0,1,0,0,0,0
48276,178,0.03,0,0,1,0,0
48277,178,0.03,0,0,1,0,0
48278,192,0.03,0.43,0,0.93,0,0
48279,406,0,0.78,0,0.44,0,0
48280,312,0,1,0,0,0,0
48281,305,0,1,0,0,0,0
48282,325,0,1,0.02,0,0,0
48283,324,0,1,0.02,0,0,0
48284,316,0,0.99,0,0.07,0,0
48285,22,0,0,0,1,0,0
48286,218,0,0.7,0,0.82,0,0
48287,218,0.22,0.7,0,0.82,0,0
48288,218,0.22,0.7,0,0.82,0,0
48289,230,0.21,0.8,0,0.77,0,0
48290,420,0.1,0.89,0,0.43,0,0
48291,312,0,1,0,0,0,0
48292,408,0.04,0.79,0,0.44,0,0
48293,420,0.04,0.9,0,0.43,0,0
48294,421,0.04,0.9,0,0.43,0,0
48295,305,0,1,0,0,0,0
48296,180,0.04,0,0,1,0,0
48297,335,0.02,0.85,0,0.54,0,0
48298,312,0,1,0,0,0,0
48299,313,0,1,0,0,0,0
48300,313,0,1,0,0,0,0
48301,178,0,0,0,1,0,0
48302,418,0.11,0.89,0,0.43,0,0
48303,419,0.11,0.9,0,0.42,0,0
48304,418,0.04,0.9,0,0.43,0,0
48305,409,0.05,0.77,0,0.44,0,0
48306,337,0.08,0.85,0,0.53,0,0
48307,420,0,0.88,0,0.43,0,0
48308,420,0.11,0.88,0,0.43,0,0
48309,313,0,1,0,0,0,0
48310,371,0,1,0,0,0,0
48311,420,0,0.9,0,0.43,0,0
48312,230,0,0.78,0,0.78,0,0
48313,178,0,0,0,1,0,0
48314,217,0,0.71,0,0.82,0,0
48315,227,0,0.78,0,0.78,0,0
48316,406,0,0.8,0,0.44,0,0
48317,312,0.01,1,0,0,0,0
48318,310,0.01,1,0,0,0,0
48319,409,0.05,0.77,0,0.44,0,0
48320,336,0.08,0.85,0,0.54,0,0
48321,312,0,1,0,0,0,0
48322,420,0.02,0.88,0,0.43,0,0
48323,313,0,1,0,0,0,0
48324,313,0,1,0,0,0,0
48325,370,0,1,0,0,0,0
48326,295,0.01,1,0,0,0,0
48327,378,0,1,0,0,0,0
48328,375,0.01,0.99,0,0.06,0,0
48329,313,0,1,0,0,0,0
48330,313,0,1,0,0,0,0
48331,313,0,1,0,0,0,0
48332,355,0,1,0,0,0,0
48333,58,0,0.97,0,0.05,0,0
48334,428,0.02,0.96,0.04,0.43,0,0
48335,304,0,1,0,0,0,0
48336,304,0,1,0,0,0,0
48337,312,0,1,0,0,0,0
48338,313,0,1,0,0,0,0
48339,305,0,1,0,0,0,0
48340,219,0.2,0.71,0,0.82,0,0
48341,198,0.22,0.3,0,0.91,0,0
48342,305,0,1,0,0,0,0
48343,305,0,1,0,0,0,0
48344,219,0.2,0.7,0,0.82,0,0
48345,219,0.2,0.7,0,0.82,0,0
48346,305,0,1,0,0,0,0
48347,305,0,1,0,0,0,0
48348,305,0,1,0,0,0,0
48349,305,0,1,0,0,0,0
48350,305,0,1,0,0,0,0
48351,305,0,1,0,0,0,0
48352,305,0,1,0,0,0,0
48353,305,0,1,0,0,0,0
48354,305,0,1,0,0,0,0
48355,305,0,1,0,0,0,0
48356,305,0,1,0,0,0,0
48357,305,0,1,0,0,0,0
48358,396,0,1,0,0,0,0
48359,221,0,0.83,0,0.82,0,0
48360,222,0.03,0.83,0.07,0.81,0,0
48361,420,0.11,0.89,0,0.43,0,0
48362,313,0,1,0,0,0,0
48363,184,0,0.29,0,0.98,0,0
48364,182,0,0.29,0,0.98,0,0
48365,428,0.02,0.96,0.04,0.42,0,0
48366,305,0,1,0,0,0,0
48367,313,0,1,0,0,0,0
48369,419,0.11,0.88,0,0.43,0,0
48370,420,0.1,0.9,0,0.43,0,0
48371,371,0,1,0,0,0,0
48372,314,0.01,1,0,0,0,0
48373,305,0,1,0,0,0,0
48374,313,0,1,0.01,0,0,0
48375,310,0,1,0.01,0,0,0
48376,312,0,1,0.01,0,0,0
48377,312,0,1,0.01,0,0,0
48378,219,0,0.7,0,0.82,0,0
48379,219,0.21,0.7,0,0.82,0,0
48380,304,0,1,0,0,0,0
48381,304,0,1,0,0,0,0
48382,313,0,1,0,0,0,0
48383,310,0,1,0,0,0,0
48384,324,0.01,0.96,0.01,0.06,0,0
48385,374,0.01,0.99,0.01,0.06,0,0
48386,162,0.04,0.95,0.02,0.13,0,0
48387,162,0.04,0.95,0,0.13,0,0
48388,180,0.12,0,0,1,0,0
48389,337,0.08,0.85,0,0.53,0,0
48390,371,0.01,1,0.01,0,0,0
48391,314,0.04,0.99,0.01,0,0,0
48392,315,0.03,0.99,0.01,0,0,0
48393,316,0.03,0.99,0.01,0,0,0
48394,178,0,0,0,1,0,0
48395,422,0.11,0.95,0,0.42,0,0
48396,423,0.11,0.96,0,0.42,0,0
48397,423,0.02,0.89,0.01,0.48,0,0
48398,180,0.12,0,0,1,0,0
48399,335,0.08,0.85,0,0.54,0,0
48400,232,0,0.95,0,0.09,0,0
48401,163,0,0.95,0,0.13,0,0
48402,163,0,0.95,0,0.13,0,0
48403,420,0.05,0.88,0,0.43,0,0
48404,420,0.07,0.88,0,0.43,0,0
48405,313,0.01,1,0,0,0,0
48406,317,0,0.99,0.03,0.07,0,0
48407,312,0,1,0,0,0,0
48408,312,0,1,0,0,0,0
48409,420,0,0.88,0,0.43,0,0
48410,420,0.04,0.88,0,0.43,0,0
48411,305,0,1,0,0,0,0
48412,219,0.2,0.7,0,0.82,0,0
48413,219,0.2,0.7,0,0.82,0,0
48415,313,0.02,1,0,0,0,0
48416,378,0.02,1,0,0,0,0
48417,325,0,1,0,0,0,0
48418,313,0,1,0,0,0,0
48419,312,0,1,0,0,0,0
48420,313,0,1,0,0,0,0
48421,313,0,1,0,0,0,0
48422,313,0,1,0,0,0,0
48423,313,0,1,0,0,0,0
48424,59,0,1,0,0,0,0
48425,327,0,0.96,0,0.07,0,0
48426,301,0.01,0.98,0,0.08,0,0
48427,313,0,1,0,0,0,0
48429,156,0.01,1,0,0,0,0
48430,305,0,1,0,0,0,0
48431,164,0,0.95,0,0.13,0,0
48432,163,0.03,0.94,0,0.13,0,0
48433,163,0.02,0.94,0,0.13,0,0
48435,23,0.04,0,0,1,0,0
48436,23,0.17,0,0,1,0,0
48437,315,0.04,0.99,0.01,0,0,0
48438,316,0.04,0.99,0.01,0,0,0
48439,22,0,0,0.14,1,0,0
48440,163,0.03,0.95,0.02,0.13,0,0
48441,373,0.03,0.99,0.01,0.06,0,0
48442,311,0,1,0,0,0,0
48443,311,0,1,0,0,0,0
48444,375,0.01,0.99,0,0.06,0,0
48445,181,0,0.08,0,0.99,0,0
48446,220,0.2,0.72,0,0.82,0,0
48447,313,0,1,0,0,0,0
48448,316,0.04,0.99,0.02,0,0,0
48449,419,0.05,0.88,0,0.43,0,0
48450,420,0.06,0.88,0,0.43,0,0
48451,419,0.06,0.88,0,0.43,0,0
48454,5,1,1,1,1,0,0
48455,5,1,0.6,1,1,0,0
48456,5,1,0.6,1,1,0,0
48457,5,1,0.4,1,1,0,0
48458,5,1,0.4,1,1,0,0
48459,5,1,0.6,1,1,0,0
48464,1,0,1,0,0,0,0
48467,3,0,1,0,0,0,0
48477,9,0,1,0,0,0,0
48496,23,0,1,0,0,0,0
48499,13,0,1,0,0,0,0
48500,13,0,1,0,0,0,0
48501,1,0,1,0,0,0,0
48502,1,0,1,0,0,0,0
48510,1,0,1,0,0,0,0
48511,1,0,1,0,0,0,0
48514,1,0,1,0,0,0,0
48515,1,0,1,0,0,0,0
48516,1,0,1,0,0,0,0
48517,1,0,1,0,0,0,0
48518,1,0,1,0,0,0,0
48519,1,0,1,0,0,0,0
48531,1,0,1,0,0,0,0
48532,1,0,1,0,0,0,0
48566,2,0,0,0,1,0,0
48567,2,0.5,0,0,1,0,0
48568,2,0,0,0,1,0,0
48569,2,0.5,0,0,1,0,0
48624,1,0,0,0,0,1,0
48630,4,0,1,0,0,0,0
48632,1,0,0,0,0,1,0
48652,1,1,0,0,1,0,0
48653,1,1,0,0,1,0,0
48674,3,0,1,0,0,0,0
48678,2,0,1,0,0,0,0
48679,2,0,1,0,0,0,0
48680,2,0,1,0,0,0,0
48682,3,0,1,0,0,0,0
48683,7,0,1,0,0,0,0
48684,7,0,1,0,0,0,0
48777,2,0,1,0,0,0,0
48778,2,0,1,0,0,0,0
48830,1,1,0,0,0,0,0
48841,1,1,0,0,0,0,0
48845,3,0.33,0.67,0,0.33,0.33,0
48846,4,0.25,0.75,0.25,0.5,0.25,0.25
48847,3,0,0.67,0,0.33,0.33,0
48848,2,0,0.5,0.5,1,0.5,0.5
48849,4,0.5,0,0,1,1,0
48852,1,0,1,0,0,0,0
48858,1,0,1,0,0,0,0
48867,1,0,1,0,1,0,0
48868,1,0,1,0,1,0,0
48884,1,0,1,0,0,0,0
48888,1,0,1,0,0,0,0
48890,1,0,1,0,0,0,0
48911,1,0,1,0,0,0,0
48912,1,0,1,0,0,0,0
48916,5,0,1,0,0,0,0
48917,5,0,1,0,0,0,0
48918,6,0,0.83,0,0.17,0,0
48919,5,0,1,0,0,0,0
48920,5,0,1,0,0,0,0
48921,5,0,1,0,0,0,0
48924,3,0,0.67,0,0.33,0,0
48925,2,0,1,0,0,0,0
48927,9,0,1,0,0,0,0
48929,3,0,1,0,0,0,0
48949,6,0,1,0,0,0,0
48950,7,0,1,0,0,0,0
48965,1,0,0,1,1,1,0
48967,1,0,0,1,1,1,0
48978,10,0,1,0,0,0,0
48979,10,0,1,0,0,0,0
48998,2,0,1,0,0,0,0
49001,3,0,1,0,0,0,0
49002,3,0,1,0,0,0,0
49006,2,0,1,0,0,0,0
49007,2,0,1,0,0,0,0
49008,2,0,1,0,0,0,0
49026,2,0,1,0,0,0,0
49064,2,0.5,0,0.5,1,0,0
49069,1,1,0,1,1,0,0
49070,1,0,0,0,1,0,0
49099,2,0,0,0,0,1,0
49101,1,0,0,0,1,0,0
49107,6,0,0,0,1,0,0
49108,9,0,0.33,0,0.67,0,0
49109,3,0,1,0,0,0,0
49110,6,0.17,0,0,1,0.33,0
49111,7,0,0,0.14,0.86,0.43,0
49113,6,0,0,0,1,0,0
49114,7,0,0,0.14,0.86,0.14,0
49116,6,0.17,0,0,1,0.33,0
49117,7,0,0,0,0.86,0.43,0
49120,5,0,1,0,0,0,0
49121,10,0,1,0,0,0,0
49124,5,0,1,0,0,0,0
49134,3,0,1,0,0,0,0
49135,3,0,1,0,0,0,0
49136,1,0,1,0,0,0,0
49137,1,0,1,0,0,0,0
49138,1,0,1,0,0,0,0
49139,1,0,1,0,0,0,0
49146,1,0,1,0,0,0,0
49147,1,0,1,0,0,0,0
49148,2,0,1,0,0,0,0
49151,5,0,1,0,0,0,0
49152,5,0,1,0,0,0,0
49153,6,0,1,0,0,0,0
49157,15,0,1,0,0,0,0
49170,1,0,1,0,0,0,0
49171,1,0,1,0,0,0,0
49172,2,0,1,0,0,0,0
49174,2,0,1,0,0,0,0
49188,1,0,1,0,0,0,0
49189,1,0,1,0,0,0,0
49196,1,0,1,0,0,0,0
49205,2,0,1,0,0,0,0
49210,4,0,1,0,0,0,0
49211,4,0,1,0,0,0,0
49212,3,0,1,0,0,0,0
49213,7,0,1,0,0,0,0
49224,4,0,1,0,0,0,0
49225,4,0,1,0,0,0,0
49226,4,0,1,0,0,0,0
49230,3,0,0,0,0,1,0
49240,3,0,1,0,0,0,0
49255,5,0,1,0,0,0,0
49259,2,0,1,0,0,0,0
49270,1,0,0,0,1,0,0
49276,1,0,0,1,1,0,0
49277,1,0,0,1,0,0,0
49279,2,0,1,0,0,0,0
49280,2,0,1,0,0,0,0
49281,2,0,1,0,0,0,0
49282,6,0,1,0,0,0,0
49285,15,0,1,0,0,0,0
49286,15,0,1,0,0,0,0
49287,10,0,1,0,0,0,0
49288,10,0,1,0,0,0,0
49289,1,0,1,0,0,0,0
49290,1,0,1,0,0,0,0
49291,2,0,1,0,0,0,0
49292,2,0,1,0,0,0,0
49293,10,0,0.9,0.1,0.1,0,0
49294,1,0,0,1,0,0,0
49321,2,0,0,0,1,0,0
49323,2,0,0,0,1,0.5,0
49325,2,0,0,0,1,0.5,0
49327,7,0,1,0,0,0,0
49328,7,0,1,0,0,0,0
49329,7,0,1,0,0,0,0
49330,7,0,1,0,0,0,0
49336,1,0,0,0,0,1,0
49337,1,0,0,0,0,1,0
49349,7,0,1,0,0,0,0
49350,7,0,1,0,0,0,0
49351,7,0,1,0,0,0,0
49352,7,0,1,0,0,0,0
49369,4,0,1,0,0,0,0
49370,4,0,1,0,0,0,0
49371,1,0,1,0,0,0,0
49375,2,0,1,0,0,0,0
49381,1,0,1,0,0,0,0
49382,1,0,1,0,0,0,0
49451,3,0,1,0,0,0,0
49462,4,0,1,0,0,0,0
49463,4,0,1,0,0,0,0
49464,2,0,1,0,0,0,0
49484,3,0,1,0,0,0,0
49486,2,0,1,0,0,0,0
49487,2,0,1,0,0,0,0
49488,2,0,1,0,0,0,0
49501,3,0,1,0,0,0,0
49503,4,0,1,0,0,0,0
49507,3,0,1,0,0,0,0
49512,1,0,0,0,0,1,0
49513,1,0,0,0,0,1,0
49547,2,0,1,0,0,0,0
49548,3,0,1,0,0,0,0
49549,2,0,1,0,0,0,0
49550,2,0,1,0,0,0,0
49555,2,0,1,0,0,0,0
49557,3,0.33,0,0,0.67,0.33,0
49558,2,0.5,0,0,1,0,0
49559,2,0,0,0,1,0,0
49563,9,0,1,0,0,0,0
49564,10,0,1,0,0,0,0
49565,10,0,1,0,0,0,0
49566,10,0,1,0,0,0,0
49579,2,1,0,0,0,0,0
49580,2,1,0,0,0,0,0
49584,6,0,1,0,0,0,0
49585,2,1,0,0,0,0,0
49586,6,0,1,0,0,0,0
49587,15,0,1,0,0,0,0
49588,15,0,1,0,0,0,0
49590,10,0,1,0,0,0,0
49593,11,0,1,0,0,0,0
49606,1,0,1,0,0,0,0
49607,10,0,1,0,0,0,0
49608,12,0,1,0,0,0,0
49609,12,0,1,0,0,0,0
49628,14,0,0.93,0,0,0.07,0
49632,17,0,1,0,0,0,0
49634,24,0,1,0,0,0,0
49636,5,0,1,0,0,0,0
49637,12,0,1,0,0,0,0
49660,19,0,1,0,0,0,0
49661,19,0,1,0,0,0,0
49662,10,0,1,0,0,0,0
49663,10,0,1,0,0,0,0
49690,3,0,1,0,0,0,0
49691,28,0,1,0.14,0,0,0
49692,15,0,1,0.07,0,0,0
49693,10,0,1,0.1,0,0,0
49694,13,0,1,0.08,0,0,0
49695,18,0,1,0.06,0,0,0
49696,2,0,1,0,0,0,0
49698,2,0,1,0,0,0,0
49699,2,0,1,0,0,0,0
49700,28,0,1,0,0,0,0
49701,28,0,1,0,0,0,0
49702,28,0,1,0,0,0,0
49704,6,0,1,0,0,0,0
49705,5,0,1,0,0,0,0
49710,4,0,1,0,0,0,0
49711,4,0,1,0,0,0,0
49712,4,0,1,0,0,0,0
49718,10,0,1,0,0,0,0
49719,10,0,1,0,0,0,0
49720,10,0,1,0,0,0,0
49747,4,0,1,0,0,0,0
49748,4,0,1,0,0,0,0
49749,14,0,1,0,0.07,0,0
49750,14,0,1,0,0,0,0
49751,14,0,1,0,0,0,0
49752,14,0,1,0,0,0,0
49753,6,0,1,0,0,0,0
49754,6,0,1,0,0,0,0
49755,4,0,1,0,0.25,0,0
49756,5,0,1,0,0,0,0
49757,1,0,0,0,0,0,1
49758,1,0,0,0,0,0,1
49759,1,0,0,0,0,0,1
49760,1,0,0,0,0,0,1
49761,1,0,0,0,0,0,1
49763,1,0,1,0,0,0,0
49765,6,0,0,0,0,0.17,0.83
49766,1,0,1,0,0,0,0
49768,1,0,0,0,0,1,0
49772,9,0,1,0,0,0,0
49773,1,0,1,0,0,0,0
49775,1,0,1,0,0,0,0
49788,1,0,1,0,0,0,0
49825,8,0,1,0,0,0,0
49827,7,0,1,0,0,0,0
49829,2,0,1,0,0,0,0
49830,2,0,1,0,0,0,0
49831,2,0,1,0,0,0,0
49832,9,0,1,0,0,0,0
49835,5,0,1,0,0,0,0
49836,5,0,1,0,0,0,0
49840,7,0,1,0,0,0,0
49841,9,0,1,0,0,0,0
49842,11,0,1,0,0,0,0
49843,5,0,1,0,0,0,0
49863,7,0,1,0,0,0,0
49864,6,0,1,0,0,0,0
49865,3,0,1,0,0,0,0
49866,9,0,1,0,0,0,0
49868,2,0,1,0,0,0,0
49869,2,0,1,0,0,0,0
49871,3,0,1,0,0,0,0
49877,5,0,1,0,0,0,0
49892,1,0,1,0,0,0,0
49895,2,1,0.5,1,1,1,1
49896,2,1,0.5,1,1,0,1
49897,2,1,0.5,1,1,0.5,1
49898,6,0.33,0.83,0.33,0.33,0.17,0.33
49936,3,0,1,0,0,0,0
49937,2,0,1,0,0,0,0
49938,4,0,1,0,0,0,0
49941,2,0,1,0,0,0,0
49959,5,0,1,0,0,0,0
49960,2,0,1,0,0,0,0
49969,1,0,1,0,0,0,0
49973,4,0,1,0,0,0,0
49988,2,0,0,0,1,0,0
49989,3,0.33,0.33,0,0.67,0,0
49990,4,0.25,0.25,0,0.5,0.25,0
49991,4,0.25,0,0,0.75,0,0
49992,4,0.25,0,0,0.75,0,0
49993,1,0,1,0,0,0,0
50006,7,0,1,0,0,0,0
50010,11,0,1,0,0,0,0
50015,1,0,1,0,0,0,0
50016,1,0,1,0,0,0,0
50020,7,0,1,0,0,0,0
50021,1,0,1,0,0,0,0
50025,5,0,1,0,0,0,0
50026,8,0,1,0,0,0,0
50027,3,0,1,0,0,0,0
50028,3,0,1,0,0,0,0
50029,5,0,1,0,0,0,0
50030,5,0,1,0,0,0,0
50031,1,0,1,0,0,0,0
50032,1,0,1,0,0,0,0
50035,2,0,1,0,0,0,0
50039,1,0,1,0,0,0,0
50040,1,0,1,0,0,0,0
50051,3,0,1,0,0,0,0
50052,3,0,1,0,0,0,0
50053,3,0,1,0,0,0,0
50054,3,0,1,0,0,0,0
50056,5,0,0.8,0,0,0.2,0
50057,4,0,1,0,0,0,0
50058,4,0,1,0,0,0,0
50059,4,0,1,0,0,0,0
50063,4,0,1,0,0,0,0
50064,4,0,1,0,0,0,0
50065,4,0,1,0,0,0,0
50066,8,0,1,0,0,0,0
50067,8,0,1,0,0,0,0
50068,9,0,1,0,0,0,0
50076,1,1,0,0,0,0,0
50077,5,0,1,0,0,0,0
50078,5,0,1,0,0,0,0
50079,5,0,1,0,0.2,0.2,0
50080,5,0,1,0,0.2,0.2,0
50081,2,0,1,0,0,0,0
50082,1,0,1,0,0,0,0
50084,7,0,1,0,0,0,0
50085,7,0.14,0.86,0,0,0,0
50102,3,0,1,0,0,0,0
50103,3,0,1,0,0,0,0
50114,3,0,1,0,0,0,0
50115,1,1,0,1,1,0,1
50116,1,1,0,1,1,0,1
50122,3,0,1,0,0,0,0
50129,1,0,1,0,0,0,0
50135,1,0,1,0,0,0,0
50136,2,0,1,0,0,0,0
50138,2,0,1,0,0,0,0
50142,2,0,1,0,0,0,0
50143,1,0,1,0,0,0,0
50150,2,0,1,0,0,0,0
50153,6,0,0,0,1,0,0
50154,7,0,0.14,0.43,0.86,0,0
50155,7,0,0.14,0.43,0.86,0,0
50156,6,0,0.33,0.5,1,0.33,0
50157,6,0,0.33,0,1,0.33,0
50158,6,0,0,0,1,0,0
50159,6,0,0,0,1,0,0
50160,6,0,0,0.5,1,0,0
50161,6,0,0,0.5,1,0,0
50162,6,0,0.33,0.5,1,0.33,0
50163,6,0,0.33,0,1,0.33,0
50164,6,0,0,0,1,0,0
50167,25,0.12,0.68,0,0.4,0.04,0
50168,12,0,0.08,0,0.83,0.08,0
50169,9,0.33,0,0,1,0.22,0
50170,9,0.67,0,0.22,1,0.22,0
50171,18,0.28,0.56,0.11,0.5,0.28,0
50172,10,0,0.2,0,0.8,0,0
50173,9,0,0.11,0,0.89,0,0
50174,8,0.5,0,0.25,1,0,0
50175,18,0.17,0.56,0.11,0.44,0.22,0
50176,9,0.33,0,0,1,0.33,0
50177,9,0.67,0,0,1,0.33,0
50178,12,0.25,0.5,0,0.75,0,0
50191,7,0,1,0,0,0,0
50214,3,0,1,0,0,0,0
50215,3,0,1,0,0,0,0
50216,3,0,1,0,0,0,0
50222,15,0.07,1,0,0.13,0,0
50223,15,0.07,1,0,0.13,0,0
50224,6,1,0,0,0.33,0.83,0
50225,16,0.38,0.88,0.06,0.19,0.31,0
50226,6,1,0,0,0,0.83,0
50227,13,0.46,0.69,0,0.15,0.38,0
50229,17,0.47,0.82,0,0.24,0.29,0
50230,16,0.38,0.88,0.06,0.31,0.31,0
50232,3,0,0.67,0,0,0.67,0
50233,4,0.25,0.75,0,0,0.5,0
50234,12,0.08,0.92,0,0,0,0
50236,1,1,0,0,0,0,0
50237,2,0.5,0,0,0,1,0
50248,11,0,1,0,0,0,0
50249,11,0,1,0,0,0,0
50250,13,0.46,0.69,0,0.15,0,0
50251,2,0,0,0,1,0,0
50253,15,0,0.93,0,0.13,0,0
50254,2,0,0,0,1,0,0
50257,5,0.4,1,0.2,0.4,0,0
50258,2,1,1,0,1,0.5,0
50259,2,1,1,0.5,1,0.5,0
50260,6,0,1,0,0,0,0
50262,3,0,1,0,0,0,0
50266,8,0,1,0,0,0,0
50273,15,0,1,0,0,0,0
50274,4,0,1,0,0,0,0
50281,6,0,0.83,0,0,0.17,0
50282,2,0,0,0,0.5,0.5,0
50286,5,0,1,0,0,0,0
50313,1,0,1,0,0,0,0
50314,1,0,1,0,0,0,0
50315,1,0,1,0,0,0,0
50343,6,0,1,0,0,0,0
50350,7,0,1,0,0,0,0
50351,7,0,1,0,0,0,0
50352,7,0,1,0,0,0,0
50353,3,0,1,0,0,0,0
50354,3,0,1,0,0,0,0
50355,3,0,1,0,0,0,0
50361,4,0,1,0,0,0,0
50362,4,0,1,0,0,0,0
50363,4,0,1,0,0,0,0
50369,1,0,1,0,0,0,0
50370,1,0,1,0,0,0,0
50371,2,0,1,0,0,0,0
50387,1,0,0,0,1,1,0
50389,1,0,0,0,1,1,0
50393,1,0,0,0,1,1,0
50397,2,0,1,0,0,0,0
50398,2,0,1,0,0,0,0
50399,1,0,0,0,1,0,0
50403,1,0,0,0,1,1,0
50420,1,0,1,0,0,0,0
50421,1,0,1,0,0,0,0
50425,2,0,1,0,0,0,0
50432,1,1,0,0,1,1,0
50433,1,1,0,0,1,1,0
50436,1,0,1,0,0,0,0
50471,12,0,1,0,0,0,0
50472,12,0,1,0,0,0,0
50473,4,0,1,0,0,0,0
50476,8,0,0,1,0,0,0
50477,8,1,0,1,1,0,0.75
50478,10,0.8,0.4,0.8,0.8,0,0.6
50479,10,0.8,0.4,0.8,0.8,0,0.6
50480,12,0.67,0.5,0.67,0.67,0.33,0.5
50481,27,0.3,0.89,0.3,0.3,0.15,0.26
50482,23,0.35,0.78,0.35,0.35,0,0.04
50483,23,0.35,0.78,0.35,0.35,0,0.04
50484,8,0.88,0,1,0.88,0,0.63
50485,8,0.88,0,1,0.88,0,0.63
50486,8,0.88,0,1,0.88,0,0.63
50487,12,0.58,0.67,0.67,0.58,0.17,0.42
50488,13,0.54,0.69,0.62,0.54,0.15,0.38
50489,15,0.47,0.67,0.53,0.47,0.13,0.33
50490,15,0.47,0.67,0.53,0.47,0.13,0
50491,34,0.21,0.85,0.24,0.21,0,0.09
50497,2,0,1,0,0,0,0
50498,2,0,1,0,0,0,0
50499,2,0,1,0,0,0,0
50500,13,0,1,0,0,0,0
50501,20,0,1,0,0,0,0
50503,1,1,0,0,1,0,1
50519,8,0,1,0,0,0,0
50520,8,0,1,0,0,0,0
50521,8,0,1,0,0,0,0
50522,8,0,1,0,0,0,0
50523,14,0,1,0,0,0,0
50524,14,0,1,0,0,0,0
50539,3,0,1,0,0,0,0
50540,2,0,1,0,0,0,0
50542,2,0.5,0,0,0.5,0.5,0.5
50544,1,0,1,0,0,0,0
50548,8,0,1,0,0,0,0
50550,19,0.05,0.95,0,0.05,0.05,0
50551,19,0.05,0.95,0.05,0.05,0.05,0.05
50552,2,1,0,0.5,1,1,0.5
50583,2,0,1,0,0,0,0
50588,2,0,1,0,0,0,0
50589,1,0,1,0,0,0,0
50590,14,0,1,0,0,0,0
50591,8,0,1,0,0,0,0
50592,8,0,1,0,0,0,0
50597,10,0,1,0,0,0,0
50600,10,0,1,0,0,0,0
50625,2,0,1,0,0,0,0
50626,2,0,1,0,0,0,0
50627,2,0,1,0,0,0,0
50628,2,0,1,0,0,0,0
50629,2,0,1,0,0,0,0
50630,2,0,1,0,0,0,0
50663,8,0,1,0,0,0,0
50667,9,0,1,0,0,0,0
50669,17,0,0.94,0,0,0,0.06
50670,8,0,1,0,0,0,0
50671,8,0,1,0,0,0,0
50675,20,0,1,0,0,0,0
50676,5,0,0.6,0.4,0,0,0.4
50677,5,0,0.6,0.4,0,0,0.4
50679,1,0,0,0,0,0,1
50680,2,0,0,1,0,0,1
50681,2,0,0,1,0,0,1
50683,11,0,1,0,0,0.18,0
50684,11,0,1,0,0,0.18,0
50685,11,0,1,0,0,0.18,0
50686,11,0,1,0,0,0.18,0
50694,6,0,1,0,0,0,0
50695,6,0,1,0,0,0,0
50696,5,0,1,0,0,0,0
50702,16,0,1,0,0,0,0
50703,6,0,1,0,0,0,0
50705,16,0,1,0,0,0,0
50706,14,0,1,0,0,0,0
50707,13,0,1,0,0,0,0
50712,4,0,1,0,0,0,0
50713,5,0,1,0,0,0,0
50714,6,0,0,0,1,1,0
50715,11,0,0.45,0,0.55,0.55,0
50716,20,0,0.75,0,0.3,0.3,0
50717,6,0,0,0,1,1,0
50718,10,0,0.4,0,0.6,0.6,0
50719,6,0,0,0,1,1,0
50720,8,0,0.38,0,0.75,0.75,0
50721,6,0,0,0,1,1,0
50725,3,0,1,0,0,0,0
50734,6,0,1,0,0,0,0
50735,6,0,1,0,0,0,0
50738,15,0,1,0,0,0,0
50739,15,0,1,0,0,0,0
50752,1,0,0,0,0,1,0
50756,1,0,1,0,0,0,0
50757,14,0.14,0.86,0.14,0.14,0.14,0.14
50758,9,0.22,0.89,0.22,0.22,0.22,0.22
50759,2,1,0,1,1,1,1
50760,4,0.5,0.75,0.5,0.5,0.5,0.5
50762,3,0,1,0,0,0,0
50769,1,0,1,0,0,0,0
50770,1,0,1,0,0,0,0
50789,1,1,0,0,0,0,0
50792,4,1,0,0,0.75,0,0
50793,3,1,0,1,1,0,0
50794,2,1,0,0.5,1,0,0
50795,2,1,0,0.5,1,0,0
50796,2,1,0,0.5,1,0,0
50806,2,0.5,0,1,0,0,0
50807,2,0,0,1,0,0,0
50808,2,0.5,0,1,0,0,0
50809,2,0,0,1,0,0,0
50818,1,0,1,0,0,0,0
50821,4,0,1,0,0,0,0
50829,2,0,1,0,0,0,0
50831,1,0,0,1,0,0,0
50833,1,0,1,0,0,0,0
50834,1,0,0,1,0,0,0
50836,2,0,1,0,0,0,0
50841,1,0,1,0,0,0,0
50845,2,0,1,0,0,0,0
50847,2,0,0,0,0,1,0
50848,5,0,1,0,0,0.4,0
50849,4,0,0.75,0,0,0.5,0
50850,3,0,0.67,0,0,0.67,0
50852,1,0,0,0,1,0,0
50853,7,0,0.86,0,0.14,0,0
50854,1,0,1,0,0,0,0
50858,4,0,1,0,0,0,0
50859,2,0,1,0,0,0,0
50887,3,0,1,0,0,0,0
50905,17,0,1,0,0,0,0
50906,1,0,1,0,0,0,0
50910,4,0,1,0,0,0,0
50913,8,0,1,0,0,0,0
50914,8,0,1,0,0,0,0
50920,1,0,1,0,0,0,0
50921,1,0,1,0,0,0,0
50922,1,0,1,0,0,0,0
50923,2,0,1,0,0,0,0
50924,2,0,1,0,0,0,0
50943,1,0,0,1,1,0,0
50945,1,0,0,1,1,0,0
50947,6,0,1,0,0,0,0
50948,6,0,1,0,0,0,0
50949,11,0,1,0,0,0,0
50979,13,0,1,0,0,0,0
50987,5,0,1,0,0,0,0
50991,4,0,0,0,0,1,0
50993,10,0,1,0,0,0,0
50994,10,0,1,0,0,0,0
50996,4,0,0,0,0,1,0
50997,15,0,0.87,0,0,0.27,0
50998,4,0,0,0,0,1,0
51000,2,0,0,0,1,0,0
51001,2,0,0,0,1,0,0
51007,2,0,0,0,1,0,0
51008,13,0,0.85,0,0.15,0,0
51024,4,0,1,0,0,0,0
51025,4,0,1,0,0,0,0
51026,4,0,1,0,0,0,0
51036,13,0,1,0,0,0,0
51037,2,0,1,0,0,0,0
51038,2,0,1,0,0,0,0
51039,6,0,0.33,0,0,0.67,0
51040,4,0,0,0,0,1,0
51041,4,0,0,0,0,1,0
51042,4,0,0,0,0,1,0
51043,4,0,0,0,0,1,0
51044,13,0,0.77,0,0,0.31,0
51045,16,0,0.81,0,0,0.25,0
51048,12,0,1,0,0,0,0
51049,6,0,1,0,0,0,0
51050,6,0,1,0,0,0,0
51051,3,0,1,0,0,0,0
51053,1,0,1,0,0,0,0
51054,24,0,0.75,0,0,0.29,0
51055,18,0,0.61,0,0,0.39,0
51056,13,0,0.46,0,0,0.54,0
51057,13,0,0.54,0,0,0.54,0
51062,12,0,1,0,0,0,0
51076,2,0,1,0,0,0,0
51077,5,0,1,0,0,0,0
51082,21,0,1,0,0,0,0
51083,10,0,1,0,0,0,0
51087,2,0,1,0,0,0,0
51088,3,0,1,0,0,0,0
51095,3,0,1,0,0,0,0
51098,6,0,1,0,0,0,0
51099,1,0,1,0,0,0,0
51100,1,0,1,0,0,0,0
51101,1,0,1,0,0,0,0
51111,4,0,1,0,0,0,0
51112,4,0,1,0,0,0,0
51115,4,0,1,0,0,0,0
51168,1,1,0,0,0,0,0
51185,1,0,1,0,0,0,0
51192,1,1,0,0,0,0,0
51198,1,1,0,0,0,0,0
51202,1,1,0,0,0,0,0
51210,2,0,1,0,0,0,0
51212,1,0,1,0,0,0,0
51232,4,0,1,0,0,0,0
51233,3,0,1,0,0,0,0
51234,3,0,1,0,0,0,0
51241,1,0,0,0,1,0,0
51253,1,0,0,0,1,0,0
51255,1,0,1,0,0,0,0
51256,1,0,1,0,0,0,0
51259,1,0,1,0,0,0,0
51260,1,0,1,0,0,0,0
51264,11,0,0.91,0,0,0,0.09
51266,1,0,0,0,0,0,1
51270,3,0,1,0,0,0,0
51271,3,0,1,0,0,0,0
51273,1,0,1,0,0,0,0
51274,1,0,1,0,0,0,0
51280,4,0,1,0,0,0,0
51281,4,0,1,0,0,0,0
51282,4,0,1,0,0,0,0
51288,4,0,1,0,0,0,0
51297,1,0,1,0,0,0,0
51298,1,0,1,0,0,0,0
51299,1,0,1,0,0,0,0
51300,1,0,1,0,0,0,0
51317,1,0,1,0,0,0,0
51318,1,0,1,0,0,0,0
51326,1,0,1,0,0,0,0
51331,1,0,1,0,0,0,0
51342,3,0,1,0,0,0,0
51343,2,0,1,0,0,0,0
51346,3,0,1,0,0,0,0
51353,1,0,1,0,0,0,0
51362,2,0,1,0,0,0,0
51415,2,0,1,0,0,0,0
51417,2,0,1,0,0,0,0
51418,5,0,0.6,0,0,0,0.6
51419,1,1,0,0,0,0,0
51420,2,1,0,0,0,0,0
51421,1,1,0,0,0,0,0
51428,2,0,1,0,0,0,0
51429,1,0,1,0,0,0,0
51430,1,0,1,0,0,0,0
51431,2,0,0,0,0,1,0
51433,2,0,0,0,0,1,0
51435,2,0,0,0,0,1,0
51437,3,0,0,0,0,1,0
51439,3,0,0,0,0,1,0
51441,3,0,0,0,0,1,0
51449,3,0,0,0,0,1,0
51451,1,0,0,0,0,0,1
51452,1,0,0,0,0,0,1
51453,1,0,1,0,0,0,1
51454,1,0,1,0,0,0,0
51455,1,0,1,0,0,0,0
51484,1,0,1,0,0,0,0
51485,4,0.75,0.25,0,0,0,0
51488,2,0,1,0,0,0,0
51492,3,0,1,0,0,0,0
51495,2,0,1,0,0,0,0
51496,3,0,1,0,0,0,0
51508,1,0,1,0,0,0,0
51510,1,0,1,0,0,0,0
51525,2,0,1,0,0,0,0
51526,2,0,1,0,0,0,0
51527,2,0,1,0,0,0,0
51529,4,0,1,0,0,0,0
51532,1,0,1,0,0,0,0
51533,2,1,1,1,1,1,1
51534,2,1,1,1,1,1,1
51535,4,0.5,1,0.5,0.5,0.5,0.5
51536,4,0.5,1,0.5,0.5,0.5,0.5
51547,1,1,0,0,0,0,1
51551,1,1,0,0,0,0,1
51608,1,0,1,0,0,0,0
51609,1,0,1,0,0,0,0
51612,1,0,1,0,0,0,0
51613,1,0,1,0,0,0,0
51618,1,1,0,0,1,0,0
51619,1,1,0,0,1,0,0
51620,1,0,1,0,0,1,0
51621,1,0,1,0,0,1,0
51638,2,0,1,0,0,0,0
51641,4,0,1,0,0,0,0
51642,3,0,1,0,0,0,0
51643,1,1,0,0,0,0,0
51644,1,1,0,0,0,0,0
51646,3,1,0,0,0,0,0
51647,3,1,0,0,0,0,0
51649,2,1,0,0,0,0,0
51650,2,1,0,0,0,0,0
51651,4,1,0,0,0,0,0
51673,2,0,1,0,0,0,0
51674,2,0,1,0,0,0,0
51682,2,0,1,0,0,0,0
51683,2,0,1,0,0,0,0
51690,3,0,1,0,0,0,0
51696,4,0,1,0,0,0,0
51714,1,1,0,1,0,1,1
51715,1,1,0,1,0,1,1
51719,1,1,0,0,0,0,0
51721,1,1,0,0,0,0,0
51722,1,0,1,0,0,0,0
51729,1,0,1,0,0,0,0
51730,1,0,1,0,0,0,0
51731,1,0,1,0,0,0,0
51732,3,0,1,0,0,0,0
51734,5,1,0.6,0,0.2,0.8,0
51735,2,1,0,0,0,0.5,0
51736,1,1,1,0,0,1,0
51737,1,1,1,0,0,1,0
51738,3,0.33,0.67,0,0,0.33,0
51744,3,0.67,0.67,0,0.33,0,0
51757,12,0,1,0,0,0,0
51761,5,0,1,0,0,0,0
51762,5,0,1,0,0,0,0
51774,4,0,1,0,0,0,0
51775,4,0,1,0,0,0,0
51776,4,0,1,0,0,0,0
51777,4,0,1,0,0,0,0
51783,1,0,1,0,0,0,0
51784,2,0.5,0.5,0,0.5,0,0
51785,13,0.08,0.92,0,0.08,0,0
51792,2,0,0,0,1,1,0
51793,6,0,0.83,0,0.33,0.33,0
51794,2,0,0,0,1,1,0
51795,6,0,0.83,0,0.33,0.33,0
51804,6,0,1,0,0,0,0
51805,6,0,1,0,0,0,0
51829,5,0.8,0.4,0,0,0,0.2
51830,2,0,1,0,0,0,0
51834,1,1,0,0,0,0,0
51835,1,1,0,0,0,0,0
51836,1,1,0,0,0,0,0
51837,3,0.33,1,0,0,0,0.33
51838,2,0,1,0,0,0,0
51868,1,0,0,0,1,1,0
51870,1,0,0,0,1,1,0
51880,4,0,1,0,0,0,0
51881,4,0,1,0,0,0,0
51882,1,0,1,0,0,0,0
51886,2,0,1,0,0,0,0
51888,19,0,1,0,0,0,0
51896,1,0,0,0,0,1,0
51898,3,0,0.67,0,0,0.33,0
51904,6,0,1,0,0,0,0
51907,6,0,1,0,0,0,0
51916,9,0,1,0,0,0,0
51917,4,0,1,0,0,0,0
51920,16,0,1,0,0,0,0
51922,8,0,1,0,0,0,0
51923,8,0,1,0,0,0,0
51924,1,0,1,0,0,0,0
51925,1,0,1,0,0,0,0
51936,4,0,1,0,0,0,0
51937,4,0,1,0,0,0,0
51943,3,0,0,0,0,1,0
51947,3,0,0,0,0,1,0
51950,5,0,1,0,0,0,0
51969,4,0,1,0,0,0,0
51970,1,0,1,0,0,0,0
51971,1,0,1,0,0,0,0
51972,1,0,1,0,0,0,0
51977,1,0,1,0,0,0,0
51989,2,0,1,0,0,0,0
51993,1,0,1,0,0,0,0
51994,1,0,1,0,0,0,0
51997,2,0,1,0,0,0,0
52007,2,0,0,0,1,0,0
52008,1,0,0,0,1,0,0
52009,1,0,0,0,1,0,0
52016,1,0,1,0,0,0,0
52017,1,0,1,0,0,0,0
52033,3,0,0,0,0,1,0
52058,3,0,1,0,0,0,0
52059,3,0,1,0,0,0,0
52062,1,0,1,0,0,0,0
52064,2,0,1,0,0,0,0
52073,3,0,1,0,0,0,0
52084,1,0,1,0,0,0,0
52085,1,0,1,0,0,0,0
52086,1,0,1,0,0,0,0
52088,1,0,1,0,0,0,0
52089,2,0,1,0,0,0,0
52090,2,0,1,0,0,0,0
52091,2,0,1,0,0,0,0
52095,1,0,1,0,0,0,0
52096,4,0,1,0,0,0,0
52097,3,0,1,0,0,0,0
52111,2,0,1,0,0,0,0
52113,2,0,1,0,0,0,0
52118,1,0,1,0,0,0,0
52133,1,0,1,0,0,1,0
52134,1,0,1,0,0,1,0
52139,1,0,1,0,0,0,0
52175,1,0,1,0,0,0,0
52178,3,0,1,0,0,0,0
52179,1,0,1,0,0,0,0
52180,1,0,1,0,0,0,0
52186,1,0,1,0,0,0,0
52188,4,0,1,0,0,0,0
52198,1,0,1,0,0,0,0
52200,1,0,1,0,0,0,0
52203,3,0,1,0,0,0,0
52205,2,0,1,0,0,0,0
52210,1,0,1,0,0,0,0
52211,2,0,1,0,0,0,0
52217,5,0,1,0,0,0,0
52224,1,0,1,0,0,0,0
52230,7,0,1,0,0,0,0
52232,1,0,1,0,0,0,0
52241,1,0,1,0,0,0,0
52242,1,0,1,0,0,0,0
52246,2,0,1,0,0,0,0
52253,6,0,1,0,0,0,0
52295,2,0,1,0,0,0,0
52296,2,0,1,0,0,0,0
52298,3,0,1,0,0,0,0
52337,1,0,1,0,0,0,0
52354,1,0,1,0,0,0,0
52356,4,0.25,0.75,0,0,0,0
52357,1,0,1,0,0,0,0
52360,1,0,1,0,0,0,0
52370,1,0,1,0,0,0,0
52386,9,0,0,0,0,1,0
52387,8,0,0,0,0,1,0
52392,1,0,0,0,0,1,0
52393,1,0,0,0,0,1,0
52394,2,0,0,0,0,1,0
52395,3,0,1,0,0,0,0
52396,12,0,0.25,0,0,0.75,0
52403,2,0,0,1,1,1,0.5
52404,2,0,0,1,1,1,0
52405,2,0,0,1,1,1,0.5
52406,2,0,0,1,1,1,0
52407,6,0.33,0.83,0.33,0,0.33,0
52408,2,1,1,1,1,1,0
52409,6,0.33,0.83,0.33,0,0.33,0
52410,2,1,1,1,1,1,0
52411,3,0,1,0,0,0,0
52413,2,1,0,1,0,1,0
52414,2,1,1,1,1,1,0
52418,2,0,1,0,0,0,0
52419,2,0,1,0,0,0,0
52420,1,1,0,0,0,0,0
52421,3,0,1,0,0,0,0
52423,1,0,1,0,0,0,0
52426,4,0,1,0,0,0,0
52429,3,0,1,0,0,0,0
52438,2,0,0.5,0,1,0,0
52439,4,0,0.5,0,0.5,0,0
52440,2,0.5,0.5,0.5,1,0.5,0
52441,6,0,0.67,0,0.5,0,0
52442,3,0.33,0.33,0.33,1,0.33,0
52449,3,0,1,0,0,0,0
52450,3,0,1,0,0,0,0
52453,2,0,1,0,0,0,0
52486,1,0,1,0,0,0,0
52490,3,0,1,0,0,0,0
52492,3,0,1,0,0,0,0
52514,1,0,1,0,0,0,0
52517,1,0,1,0,0,0,0
52518,1,0,1,0,0,0,0
52519,1,0,1,0,0,0,0
52531,1,0,1,0,0,0,0
52532,1,0,1,0,0,0,0
52533,1,0,1,0,0,0,0
52546,1,0,1,0,0,0,0
52550,6,0,0,0,0,1,0
52551,6,0,0,0,0,1,0
52552,6,0,0,0,0,1,0
52553,6,0,0,0,0,1,0
52554,6,0,0,0,0,1,0
52566,5,0,0.2,0,1,0.2,0.2
52567,9,0,0.78,0,0.56,0.11,0.11
52568,12,0,0.75,0,0.42,0,0.08
52569,9,0,0.67,0,0.56,0,0.11
52570,6,0,0,0,1,1,0
52571,6,0,0,0,1,1,0
52572,6,0,0.17,0,1,1,0
52573,11,0.18,0.55,0.18,0.82,0.64,0.18
52574,9,0.22,0,0.22,1,0.67,0.22
52575,8,0,0.38,0,0.75,0.75,0
52576,6,0,0,0,1,1,0
52577,9,0,0.11,0,0.89,0.67,0.11
52578,10,0.2,0.6,0.2,0.8,0.7,0.2
52579,8,0.25,0,0.25,1,0.75,0.25
52580,14,0,0.29,0,0.71,0.71,0
52581,10,0,0.1,0,1,1,0
52582,14,0.07,0.36,0.07,0.86,0.79,0.14
52583,12,0,0.33,0,0.83,0.83,0.17
52584,16,0,0.31,0,0.69,0.63,0.06
52585,18,0.06,0.5,0.06,0.61,0.61,0.11
52586,2,1,0,0,0,0,0
52589,1,1,0,0,0,0,0
52590,8,0.13,0.88,0,0,0,0
52591,9,0,1,0,0,0,0
52599,2,0,1,0,0,0,0
52600,5,0.2,0,0,0.8,0,0
52601,4,0,0,0,1,0,0
52602,1,1,0,0,0,0,0
52603,2,0,1,0,0,0,0
52607,4,0,1,0,0,0,0
52608,6,0.33,0.67,0,0,0.33,0
52609,6,0.33,0.67,0,0,0.33,0
52610,2,1,0,0,0,1,0
52611,2,1,0,0,0,1,0
52619,1,0,0,0,0,1,0
52620,1,0,0,0,0,1,0
52624,7,0,1,0,0,0,0
52625,7,0,1,0,0,0,0
52630,5,0,0,0,0,1,0
52631,5,0,0,0,0,1,0
52632,5,0,0,0,0,1,0
52633,5,0,0,0,0,1,0
52634,5,0,0,0,0,1,0
52635,5,0,0,0,0,1,0
52639,1,0,1,0,0,0,0
52643,14,0,1,0,0,0,0
52644,5,0,1,0,0,0,0
52647,6,0,1,0,0,0,0
52648,7,0,1,0,0,0,0
52649,7,0,1,0,0,0,0
52651,10,0,1,0,0,0,0
52652,10,0,1,0,0,0,0
52653,11,0,1,0,0,0,0
52654,10,0,1,0,0,0,0
52655,5,0,1,0,0,0,0
52659,2,0,1,0,0,0,0
52660,6,0,1,0,0,0,0
52661,6,0,1,0,0,0,0
52662,6,0,1,0,0,0,0
52670,2,0,1,0,0,0,0
52671,2,0,1,0,0,0,0
52676,6,0,1,0,0,0,0
52678,1,0,1,0,0,0,0
52679,1,0,1,0,0,0,0
52682,3,0,1,0,0,0,0
52683,1,0,1,0,0,0,0
52688,10,0,1,0,0,0,0
52689,10,0,1,0,0,0,0
52694,12,0,1,0,0,0,0
52695,12,0,1,0,0,0,0
52696,12,0,1,0,0,0,0
52697,20,0,1,0,0,0,0
52698,15,0,1,0,0,0,0
52699,8,0,1,0,0,0,0
52700,8,0,1,0,0,0,0
52701,8,0,1,0,0,0,0
52702,8,0,1,0,0,0,0
52705,10,0,1,0,0,0,0
52706,15,0,1,0,0,0,0
52707,8,0,1,0,0,0,0
52708,8,0,1,0,0,0,0
52709,8,0,1,0,0,0,0
52710,11,0,1,0,0,0,0
52711,14,0,1,0,0,0,0
52712,23,0,1,0,0,0,0
52713,6,0,1,0,0,0,0
52714,8,0,1,0,0,0,0
52715,8,0,1,0,0,0,0
52716,8,0,1,0,0,0,0
52717,8,0,1,0,0,0,0
52718,4,0,1,0,0,0,0
52720,10,0,1,0,0,0,0
52721,2,0,1,0,0,0,0
52737,7,0,1,0,0,0,0
52739,17,0,1,0,0,0,0
52740,5,0,1,0,0,0,0
52750,5,0.8,0.2,0,0,0,0
52751,21,0.24,0.95,0.19,0,0,0
52752,24,0.29,0.88,0.17,0,0,0.13
52753,9,0.89,0,0.44,0,0,0
52754,13,0.69,0.85,0.31,0,0,0.23
52755,11,0.82,0.45,0,0,0,0.27
52756,25,0.36,0.84,0,0,0,0.12
52757,12,0,1,0,0,0,0
52758,25,0.28,0.88,0.16,0,0,0
52759,28,0.32,0.86,0.18,0,0,0
52760,10,0.4,0.7,0,0,0,0.1
52761,6,1,0,0,0,0,0.17
52765,12,0,1,0,0,0,0
52766,12,0,1,0,0,0,0
52768,6,0,1,0,0,0,0
52773,28,0,1,0,0,0,0
52774,14,0,1,0,0,0,0
52781,4,0,1,0,0,0,0
52783,1,0,1,0,0,0,0
52784,2,0.5,0.5,0,0,0,0
52785,1,1,0,0,0,0,0
52786,14,0,1,0,0,0,0
52787,4,0,1,0,0,0,0
52793,2,0,1,0,0,0,0
52810,10,0,1,0,0,0,0
52813,4,0,1,0,0,0,0
52814,3,0,1,0,0,0,0
52815,3,0,1,0,0,0,0
52816,6,0,1,0,0,0,0
52817,6,0,1,0,0,0,0
52819,1,0,1,0,0,0,0
52820,3,0,1,0,0,0,0
52821,3,0,1,0,0,0,0
52822,1,0,1,0,0,0,0
52823,11,0,1,0,0,0,0
52824,11,0,1,0,0,0,0
52826,1,0,1,0,0,0,0
52827,1,0,1,0,0,0,0
52829,1,0,1,0,0,0,0
52831,7,0,1,0,0,0,0
52836,1,0,1,0,0,0,0
52837,1,0,1,0,0,0,0
52845,3,1,0,1,1,1,0
52846,10,0.3,0.5,0.3,0.3,0.3,0.5
52847,6,0.5,0,0.5,0.5,0.5,0.83
52848,5,0,0,0,0,0,1
52849,5,0,0,0,0,0,1
52850,5,0,0,0,0,0,1
52852,28,0.07,1,0,0,0,0
52853,27,0.07,1,0,0,0.04,0
52859,2,0,1,0,0,0,0
52862,7,0,1,0,0,0,0
52867,17,0,1,0,0,0,0
52871,10,0,1,0,0,0,0
52880,6,0,1,0,0,0,0
52881,6,0,1,0,0,0,0
52885,15,0,1,0,0,0,0
52886,24,0,1,0,0,0,0
52887,1,0,1,0,0,0,0
52888,1,0,1,0,0,0,0
52889,1,0,1,0,0,0,0
52890,1,0,1,0,0,0,0
52891,1,0,1,0,0,0,0
52892,1,0,1,0,0,0,0
52905,2,0,1,0,0,0,0
52906,1,0,1,0,0,0,0
52908,3,1,0,1,1,1,0
52909,10,0.3,0.5,0.3,0.3,0.3,0.5
52910,6,0.5,0,0.5,0.5,0.5,0.83
52911,5,0,0,0,0,0,1
52912,5,0,0,0,0,0,1
52913,5,0,0,0,0,0,1
52917,15,0.13,1,0,0,0,0
52918,14,0.14,1,0,0,0.07,0
52933,9,0,1,0,0,0,0
52934,9,0,1,0,0,0,0
52935,9,0,1,0,0,0,0
52937,9,0,1,0,0,0,0
52938,9,0,1,0,0,0,0
52939,9,0,1,0,0,0,0
52940,9,0,1,0,0,0,0
52941,9,0,1,0,0,0,0
52942,9,0,1,0,0,0,0
52943,9,0,1,0,0,0,0
52944,9,0,1,0,0,0,0
52945,9,0,1,0,0,0,0
52955,29,0,1,0,0,0,0
52956,28,0,1,0,0,0,0
52965,3,0,1,0,0,0,0
52966,3,0,1,0,0,0,0
52967,2,0,1,0,0,0,0
52978,1,0,1,0,0,0,0
52979,4,0,1,0,0,0,0
52981,1,0,1,0,0,0,0
52983,2,1,0,0,0,0,0
52984,2,1,0,0,0,0,0
52985,5,0.4,0.8,0,0,0,0
52986,4,0,1,0,0,0,0
52987,1,0,1,0,0,0,0
52992,3,1,0,0,0,0,0
52993,6,0.5,0.67,0,0,0,0
52994,4,0,1,0,0,0,0
52995,2,0,1,0,0,0,0
52996,5,0,1,0,0,0,0
53011,1,0,1,0,0,0,0
53012,2,0,1,0,0,0,0
53019,1,0,1,0,0,0,0
53038,1,0,0,0,0,0,1
53042,1,0,0,0,0,0,1
53052,1,0,1,0,0,0,0
53053,1,0,1,0,0,0,0
53058,2,0,1,0,0,0,0
53065,1,0,1,0,0,0,0
53066,1,0,1,0,0,0,0
53069,2,0,1,0,0,0,0
53074,4,1,0.75,0,1,1,0
53075,4,1,0.75,0,1,1,0
53076,4,1,0.75,0,1,1,0
53077,4,1,0.75,0,1,1,0
53078,4,1,1,0,1,1,0
53079,4,1,1,0,1,1,0
53080,4,1,1,0,1,1,0
53081,4,1,0,0,1,1,0
53086,1,0,0,1,0,0,0
53087,1,0,0,1,0,0,0
53093,10,0,1,0,0,0,0
53100,2,0,1,0,0,0,0
53107,9,0,1,0,0,0,0
53117,4,0,1,0,0,0,0
53124,9,0,1,0,0,0,0
53125,5,0,1,0,0,0,0
53127,15,0,1,0,0,0,0
53128,8,0,1,0,0,0,0
53129,8,0,1,0,0,0,0
53130,12,0,1,0,0,0,0
53131,14,0,1,0,0,0,0
53136,8,0,1,0,0,0,0
53142,24,0.04,0.96,0,0,0,0
53143,1,0,1,0,0,0,0
53144,1,0,1,0,0,0,0
53145,1,0,1,0,0,0,0
53147,3,0,1,0,0,0,0
53148,3,0,1,0,0,0,0
53149,3,0,1,0,0,0,0
53150,2,0,1,0,0,0,0
53157,1,1,0,0,0,0,0
53161,2,0,1,0,0,0,0
53162,4,0,1,0,0,0,0
53163,2,0,1,0,0,0,0
53167,2,0,1,0,0,0,0
53179,4,0,1,0,0,0,0
53180,4,0,1,0,0,0,0
53187,3,0,1,0,0,0,0
53191,3,0,1,0,0,0,0
53192,3,0,1,0,0,0,0
53193,3,0,1,0,0,0,0
53196,1,0,1,0,0,0,0
53197,1,0,1,0,0,0,0
53207,1,0,1,0,0,0,0
53209,1,0,1,0,0,0,0
53212,4,0,1,0,0,0,0
53213,4,0,1,0,0,0,0
53214,12,0,1,0,0,0,0
53221,1,0,0,0,1,0,0
53222,1,0,0,0,1,0,0
53224,7,0,1,0,0,0,0
53226,7,0,1,0,0,0,0
53229,1,0,1,0,0,0,0
53231,2,0,1,0,0,0,0
53241,2,0,1,0,0,0,0
53242,2,0,1,0,0,0,0
53247,4,0,1,0,0,0,0
53257,4,0,1,0,0,0,0
53258,4,0,1,0,0,0,0
53259,4,0,1,0,0,0,0
53260,4,0,1,0,0,0,0
53261,1,0,1,0,0,0,0
53263,1,0,1,0,0,0,0
53267,1,0,1,0,0,0,0
53268,10,0,1,0,0,0,0
53269,10,0,1,0,0,0,0
53270,6,0,1,0,0,0,0
53271,8,0,1,0,0,0,0
53272,1,0,1,0,0,0,0
53273,9,0,1,0,0,0,0
53278,1,0,1,0,0,0,0
53279,1,1,0,1,0,0,1
53280,4,0.25,0.75,0.25,0.25,0.25,0.25
53281,1,1,0,0,1,1,0
53282,2,0,0,0,0,0,1
53283,2,0,0,0,0,0,1
53284,2,0,0,0,0,0,1
53286,3,0.33,0.67,0.33,0,0.33,0.33
53294,3,0,1,0,0,0,0
53297,16,0,1,0,0,0,0
53301,2,0,1,0,0,0,0
53302,9,0,1,0,0,0,0
53303,7,0,1,0,0,0,0
53308,2,0,0,1,0,0,0.5
53309,2,0,0,1,0,0,0.5
53310,4,0,0.5,0.5,0,0,0.5
53311,4,0,0.5,0.5,0,0,0
53330,3,0,0,0,0,0,1
53331,3,0,0,0,0,0,1
53333,2,0.5,0.5,0.5,0,0.5,0.5
53334,11,0,1,0,0,0,0
53345,15,0.2,0.8,0.13,0.13,0.13,0.13
53346,1,0,1,0,0,0,0
53347,1,0,1,0,0,0,0
53349,4,0,1,0,0,0,0
53351,1,0,1,0,0,0,0
53352,1,0,1,0,0,0,0
53353,1,0,1,0,0,0,0
53355,5,0,1,0,0,0,0
53356,5,0,1,0,0,0,0
53357,13,0,1,0,0,0,0
53358,13,0,1,0,0,0,0
53359,17,0,1,0,0,0,0
53367,20,0,1,0,0,0,0
53370,1,0,1,0,0,0,0
53373,1,0,0,0,0,0,1
53383,1,0,0,0,0,0,1
53410,2,0,1,0,0,0,0
53411,13,0,1,0,0,0,0
53412,13,0,1,0,0,0,0
53413,1,1,0,0,0,0,0
53414,5,0,1,0,0,0,0
53415,5,0,1,0,0,0,0
53416,1,1,0,0,0,0,0
53424,12,0,1,0,0,0,0
53425,23,0.04,0.96,0,0,0,0
53426,1,1,0,0,0,0,0
53427,13,0.08,0.92,0,0,0,0
53428,24,0,1,0,0,0,0
53429,23,0,1,0,0,0,0
53430,23,0,1,0,0,0,0
53431,2,0,1,0,0,0,0
53434,12,0,1,0,0,0,0
53439,2,0,0,0,0,0,1
53440,2,0,0,0,0,0,1
53442,6,0,1,0,0,0,0
53443,6,0,1,0,0,0,0
53444,12,0,1,0,0,0,0
53448,13,0,1,0,0,0,0
53451,5,0,1,0,0,0,0
53452,17,0,1,0,0,0,0
53453,12,0,1,0,0,0,0
53463,3,0,1,0,0,0,0
53464,3,0,1,0,0,0,0
53467,10,0,1,0,0,0,0
53468,10,0,1,0,0,0,0
53472,25,0,1,0,0,0,0
53476,9,0,1,0,0,0,0
53477,9,0,1,0,0,0,0
53478,15,0,1,0,0,0,0
53482,11,0,1,0,0,0,0
53483,15,0,1,0,0,0,0
53484,15,0,1,0,0,0,0
53485,15,0,1,0,0,0,0
53505,5,0,1,0,0,0,0
53506,2,0,1,0,0,0,0
53507,2,0,1,0,0,0,0
53508,5,0,1,0,0,0,0
53509,18,0,1,0,0,0,0
53510,3,1,0,0,0,0,0
53514,11,0,1,0,0,0,0
53515,11,0,1,0,0,0,0
53521,15,0,1,0,0,0,0
53526,2,0,0,0,0,0,1
53527,2,0,0,0,0,0,1
53544,14,0,1,0,0,0,0
53545,14,0,1,0,0,0,0
53548,6,0,1,0,0,0,0
53551,6,0,1,0,0,0,0
53552,11,0,1,0,0,0,0
53553,10,0,1,0,0,0,0
53554,10,0,1,0,0,0,0
53559,8,0,1,0,0,0,0
53565,1,0,1,0,0,0,0
53566,4,0,1,0,0,0,0
53567,4,0,1,0,0,0,0
53569,1,0,1,0,0,0,0
53580,7,0,0.14,0,0.86,0,0
53581,9,0.67,0.33,0,0.67,0,0
53582,6,1,0,0,1,0,0
53583,6,1,0,0,1,0,0
53584,6,1,0,0,1,0,0
53585,6,1,0,0,1,0.17,0
53586,6,1,0,0,1,0,0
53587,6,1,0,0,1,0,0
53588,12,0.58,0.33,0,0.67,0,0
53589,8,0.88,0,0,1,0,0
53590,8,0.88,0,0,1,0,0
53591,8,0.88,0,0,1,0,0
53592,8,0.88,0,0,1,0.13,0
53593,9,0.78,0.11,0,0.89,0,0
53640,7,0,0,0,0,1,0
53641,1,0,1,0,0,0,0
53642,5,0,0.8,0,0.4,0,0
53643,4,0.25,0.75,0.25,0.5,0,0.5
53644,4,0,1,0,0,0,0
53645,3,0,1,0,0,0,0.67
53646,2,0,0,0,1,0,0
53647,5,0.2,1,0.2,0.4,0,0.4
53650,2,0,1,0,0,0,0
53653,4,1,0,0,1,1,0
53654,4,1,0,0,1,1,0
53655,4,1,0,0,1,1,0
53656,4,1,0,0,1,1,0
53657,4,1,0,0,1,1,0
53658,4,1,0,0,1,1,0
53659,4,1,0,0,1,1,0
53660,4,1,0,0,1,1,0
53672,1,0,1,0,0,0,0
53673,1,0,1,0,0,0,0
53680,4,1,0,0.75,0.5,1,0.5
53681,5,0.8,0.6,0.6,0.4,0.8,0.6
53682,4,0.5,0,0.75,0,1,0.5
53683,4,0.5,0,0.75,0,1,0.5
53684,5,0.4,0.4,0,0.4,0.8,0
53685,6,0.33,0.5,0.67,0.33,0.67,0.17
53687,2,0,1,0,0,0,0
53689,2,0,1,0,0,0,0
53694,7,0.43,0.71,0.43,0.57,0.14,0.43
53695,9,0.56,0.56,0.33,0.44,0,0.33
53696,6,0.83,0,0.5,0.67,0,0.5
53697,3,1,0,0,0,0,0.33
53698,3,1,0,0,0,0,0.33
53699,6,0,1,0,0,0,0
53700,3,0,0,0,1,0,0
53701,6,0.5,0.83,0.5,0.5,0.17,0.5
53702,6,0.5,0.83,0.5,0.5,0,0.5
53703,3,1,0,1,1,0,1
53704,5,0,1,0,0,0,0
53705,5,0,1,0,0,0,0
53706,1,0,1,0,0,0,0
53714,6,0,0,0,0,1,0
53715,4,0,0,0,0,1,0
53718,2,0,1,0,0,0,0
53720,4,0,0.5,0,0,1,0
53723,1,0,1,0,0,0,0
53726,1,0,1,0,0,0,0
53731,1,0,1,0,0,0,0
53745,1,1,0,0,1,0,0
53746,1,1,0,0,1,0,0
53748,1,0,1,0,0,1,0
53749,1,0,1,0,0,1,0
53758,5,0,0,0,1,0,0
53759,5,0,0,0.8,1,0,0
53760,5,0.6,0.6,0.8,1,0.2,0.6
53761,5,0.6,0.6,0.8,1,0,0.6
53762,5,0.6,0,0.8,1,0,0.6
53764,5,0,0,0,1,0,0
53765,5,0,0,0.8,1,0,0
53766,5,0.6,0.4,0.8,1,0.2,0.6
53767,5,0.6,0.4,0.8,1,0,0.6
53768,5,0.6,0.4,0.8,1,0,0.6
53804,1,0,1,0,0,0,0
53806,1,0,1,0,0,0,0
53830,2,0,1,0,0,0,0
53831,1,0,1,0,0,0,0
53832,1,0,1,0,0,0,0
53840,1,0,1,0,0,0,0
53847,1,0,1,0,0,0,0
53864,1,0,1,0,0,0,0
53865,1,0,1,0,0,0,0
53884,1,1,0,0,0,0,0
53886,1,1,0,0,0,0,0
53914,1,0,1,0,0,0,0
53915,4,0,1,0,0,0,0
53918,1,0,1,0,0,0,0
53946,2,0,1,0,0,0,0
53947,2,0,1,0,0,0,0
53955,3,0,1,0,0,0,0
53956,6,0,1,0,0,0,0
53957,1,1,0,0,1,1,0
53958,1,1,0,0,1,1,0
53959,1,1,0,0,0,1,0
53960,1,1,0,0,0,1,0
53961,4,0,1,0,0.25,0.25,0
53962,3,0,1,0,0.33,0.33,0
3603,160689,0.11,0.74,0.06,0.19,0.1,0.04
