change_id,num_all_cochange,num_cloned_cochange
54026,25,1
54027,25,1
54049,12,1
54050,12,1
54059,8,1
54060,8,1
54073,8,2
54076,8,1
54077,8,1
54087,12,1
54093,12,1
54135,32,1
54136,32,1
54138,32,1
54141,32,1
54146,32,1
54151,32,1
54157,32,3
54223,33,2
54224,33,2
54225,33,2
54226,33,3
54227,33,6
54228,33,4
54231,33,1
54232,33,1
54234,33,4
54235,33,4
54236,33,5
54237,33,3
54244,22,1
54245,22,1
54246,22,1
54252,22,1
54253,22,1
54256,22,1
54257,22,6
54304,13,1
54309,13,1
54345,19,4
54346,19,5
54347,19,5
54348,19,6
54350,19,6
54352,19,6
54354,19,6
54414,14,1
54428,34,1
54429,34,1
54430,34,2
54433,34,3
54434,34,3
54438,34,7
54443,34,1
54446,34,1
54447,34,2
54449,34,5
54450,34,4
54451,34,1
54452,34,1
54454,34,2
54455,34,2
54456,34,1
54458,34,2
54459,34,2
54460,34,4
54472,14,1
54473,14,1
54479,14,2
54482,8,1
54504,7,1
54505,7,1
54509,3,1
54544,25,2
54545,25,2
54546,25,10
54547,25,2
54550,25,2
54553,25,1
54554,25,8
54556,25,8
54557,25,9
54558,25,7
54559,25,7
54561,25,6
54562,25,6
54565,25,4
54572,24,2
54573,24,2
54574,24,2
54645,24,2
54648,24,1
54649,24,1
54671,12,2
54672,12,2
54673,12,2
54709,8,1
54711,8,1
54742,20,3
54750,20,1
54753,20,4
54755,20,2
54756,20,2
54760,55,1
54762,55,1
54772,55,1
54773,55,1
54789,55,2
54790,55,1
54799,55,2
54800,55,2
54803,55,1
54804,55,2
54815,29,5
54818,29,4
54819,29,3
54820,29,8
54825,29,3
54832,29,1
54833,29,1
54836,29,2
54837,29,4
54838,29,10
54839,29,4
54840,29,3
54843,29,5
54844,2,1
54845,2,1
54929,141,1
54932,141,7
54933,141,7
54934,141,11
54935,141,5
54936,141,5
54937,141,7
54938,141,7
54943,141,9
54944,141,9
54964,141,2
54965,141,2
54966,141,2
54970,141,5
54975,141,1
54985,141,6
54986,141,6
54990,141,1
54994,141,1
55002,141,6
55006,141,1
55008,141,1
55015,141,3
55016,141,3
55017,141,3
55019,141,3
55020,141,3
55021,141,3
55026,141,6
55030,141,2
55031,141,2
55032,141,2
55033,141,2
55037,141,3
55038,141,4
55041,141,1
55042,141,1
55043,141,1
55044,141,1
55050,141,5
55051,141,1
55052,141,5
55053,141,5
55054,141,3
55055,141,4
55056,141,4
55064,141,4
55101,78,2
55102,78,2
55103,78,2
55109,78,6
55110,78,6
55111,78,7
55112,78,9
55116,78,4
55118,78,12
55119,78,6
55120,78,7
55121,78,7
55122,78,10
55123,78,10
55124,78,7
55125,78,6
55126,78,6
55127,78,6
55128,78,9
55129,78,9
55135,78,2
55136,78,1
55137,78,1
55139,78,1
55140,78,1
55141,78,1
55143,78,2
55146,78,4
55147,78,6
55148,78,6
55149,78,7
55150,78,4
55156,78,4
55158,78,2
55159,78,3
55160,78,2
55161,78,3
55162,78,3
55164,78,18
55165,78,13
55166,78,12
55167,78,12
55168,78,12
55169,78,15
55172,78,1
55173,78,1
55174,78,2
55181,244,2
55196,244,6
55197,244,6
55198,244,6
55199,244,6
55200,244,4
55201,244,4
55202,244,4
55203,244,4
55204,244,4
55205,244,4
55207,244,4
55212,244,1
55213,244,1
55221,244,1
55222,244,1
55225,244,15
55241,244,19
55242,244,22
55243,244,6
55248,244,6
55249,244,8
55250,244,6
55251,244,6
55252,244,6
55253,244,6
55254,244,7
55255,244,6
55256,244,8
55257,244,10
55258,244,8
55259,244,8
55260,244,8
55261,244,8
55264,244,1
55265,244,2
55266,244,2
55282,244,1
55283,244,1
55284,244,2
55299,244,2
55300,244,2
55301,244,2
55308,244,7
55309,244,6
55310,244,6
55318,244,12
55319,244,12
55328,244,7
55331,244,21
55332,244,4
55336,244,11
55337,244,1
55338,244,1
55341,244,13
55346,244,3
55347,244,11
55349,244,15
55356,244,1
55357,244,1
55358,244,12
55365,244,17
55366,244,14
55372,244,4
55374,244,12
55375,244,12
55389,244,10
55390,244,10
55391,244,10
55392,244,10
55393,244,21
55394,244,21
55395,244,4
55396,244,4
55400,244,5
55402,244,5
55404,244,5
55406,244,5
55409,244,5
55411,244,5
55416,244,3
55421,244,3
55422,244,4
55433,69,1
55437,69,1
55440,69,3
55441,69,3
55442,69,3
55452,69,5
55460,69,3
55461,69,3
55463,69,5
55467,69,4
55468,69,4
55472,69,3
55473,69,3
55474,69,3
55475,69,3
55483,69,5
55484,69,1
55488,69,3
55509,139,7
55512,139,1
55519,139,4
55521,139,4
55523,139,4
55524,139,4
55532,139,3
55533,139,3
55539,139,1
55555,139,1
55556,139,5
55557,139,5
55562,139,5
55565,139,2
55566,139,2
55567,139,3
55569,139,11
55570,139,10
55572,139,6
55573,139,6
55574,139,6
55575,139,6
55579,139,6
55580,139,6
55581,139,6
55582,139,9
55590,139,3
55591,139,2
55592,139,2
55600,139,1
55605,139,1
55606,139,4
55607,139,11
55620,139,7
55627,139,5
55631,139,3
55632,139,1
55634,69,2
55638,69,2
55639,69,1
55640,69,2
55641,69,1
55642,69,1
55643,69,1
55647,69,3
55651,69,1
55661,69,2
55662,69,2
55663,69,2
55665,69,3
55673,69,2
55686,69,3
55687,69,1
55688,69,1
55690,69,3
55692,69,1
55693,69,1
55709,25,10
55714,25,3
55715,25,1
55716,25,3
55717,25,1
55720,25,3
55726,25,4
55727,25,4
55728,25,4
55729,25,4
55730,25,5
55731,25,5
55732,25,5
55740,8,1
55742,8,1
55745,4,1
55746,4,1
55770,34,1
55771,34,1
55813,13,2
55815,13,2
55824,13,2
55828,4,1
55829,4,1
55845,52,2
55865,52,1
55866,52,1
55869,52,1
55870,52,1
55877,52,3
55878,52,4
55880,52,2
55881,52,2
55897,23,5
55898,23,5
55899,23,5
55900,23,5
55901,23,4
55902,23,4
55903,23,4
55915,16,2
55916,16,2
55917,16,2
55918,16,1
55919,16,1
55925,27,2
55926,27,1
55931,27,2
55968,22,2
55970,22,2
56010,26,2
56011,26,2
56012,26,2
56013,26,2
56019,26,2
56031,26,1
56032,26,1
56076,18,1
56077,18,1
56080,18,2
56090,29,1
56091,29,1
56125,34,8
56126,34,2
56127,34,1
56128,34,2
56129,34,1
56133,34,8
56134,34,2
56135,34,6
56136,34,6
56137,34,10
56138,34,7
56143,34,6
56144,34,6
56150,34,1
56151,34,1
56169,22,2
56177,22,2
56185,22,2
56216,42,2
56217,42,2
56218,42,3
56220,42,3
56223,42,1
56224,42,1
56226,42,3
56227,42,9
56229,42,1
56230,42,4
56231,42,9
56232,42,10
56233,42,10
56235,42,9
56236,42,9
56237,42,9
56238,42,9
56239,42,9
56240,42,9
56243,42,1
56244,42,1
56245,42,1
56249,42,4
56251,42,1
56257,13,4
56264,13,1
56265,13,1
56266,13,2
56287,14,1
56294,14,1
56296,1,1
56297,1,1
56300,32,2
56304,32,1
56305,32,1
56308,32,1
56309,32,2
56313,32,3
56314,32,1
56315,32,3
56316,32,3
56317,32,3
56321,32,3
56328,32,1
56394,18,1
56398,18,1
56422,8,1
56426,8,1
56478,2,1
56479,2,1
56490,12,1
56530,13,1
56531,13,1
56535,13,3
56536,13,1
56552,2,1
56553,2,1
56579,1,1
56580,1,1
56593,15,1
56612,37,2
56623,37,2
56624,37,2
56625,37,4
56626,37,3
56628,37,3
56629,37,3
56630,37,1
56631,37,1
56632,37,3
56633,37,4
56647,30,5
56648,30,5
56651,30,3
56652,30,3
56653,30,2
56654,30,2
56655,30,2
56656,30,5
56657,30,5
56664,30,5
56665,30,5
56690,8,1
56692,13,1
56694,13,1
56707,7,3
56708,7,4
56709,7,3
56710,7,3
56711,7,4
56712,7,4
56713,7,4
56726,13,1
56727,13,1
56734,20,14
56735,20,13
56736,20,14
56737,20,13
56738,20,13
56739,20,14
56740,20,13
56741,20,14
56742,20,13
56743,20,13
56744,20,14
56745,20,13
56746,20,14
56747,20,13
56748,20,6
56763,11,1
56768,11,1
56769,11,1
56776,9,3
56777,9,5
56778,9,1
56779,9,6
56781,9,2
56782,9,2
56784,9,3
56787,21,1
56789,21,1
56812,12,4
56813,12,4
56814,12,3
56815,12,3
56816,12,2
56817,12,1
56818,12,5
56852,20,1
56853,20,1
56879,69,1
56882,69,3
56887,69,3
56888,69,3
56889,69,3
56890,69,3
56891,69,3
56895,69,3
56910,69,1
56911,69,2
56912,69,1
56914,69,7
56916,69,4
56917,69,4
56919,69,6
56928,69,3
56936,69,4
56937,69,4
56967,48,5
56968,48,5
56969,48,5
56970,48,3
56971,48,3
56972,48,3
56973,48,2
56988,48,1
56989,48,1
56993,85,2
56994,85,1
56995,85,1
57005,85,1
57028,85,4
57029,85,4
57030,85,4
57031,85,9
57032,85,6
57033,85,6
57034,85,6
57035,85,6
57036,85,6
57037,85,4
57038,85,4
57039,85,4
57040,85,9
57041,85,6
57042,85,6
57043,85,6
57044,85,6
57045,85,11
57046,85,5
57047,85,5
57048,85,5
57049,85,5
57051,85,6
57064,85,4
57070,85,8
57071,85,8
57072,85,9
57074,85,10
57076,85,3
57088,48,1
57106,48,1
57108,48,1
57109,48,1
57110,48,1
57111,48,1
57112,48,1
57113,48,1
57125,48,4
57126,48,4
57127,48,4
57128,48,4
57129,48,4
57130,48,5
57131,48,5
57132,48,5
57133,48,5
57136,29,2
57137,29,2
57147,29,2
57160,29,1
57161,29,1
57201,38,3
57203,38,2
57204,38,2
57216,38,3
57218,38,4
57219,38,4
57220,38,5
57221,38,5
57222,38,5
57223,38,5
57242,50,3
57246,50,3
57252,50,2
57253,50,2
57255,50,2
57256,50,2
57265,50,4
57266,50,5
57270,50,1
57271,50,1
57275,50,1
57289,50,4
57292,11,2
57293,11,2
57294,11,2
57330,33,4
57331,33,4
57336,33,4
57351,41,1
57352,41,1
57354,41,2
57360,41,1
57361,41,1
57362,41,1
57363,41,1
57364,41,4
57365,41,1
57366,41,3
57373,41,1
57375,41,3
57377,41,1
57378,41,1
57379,41,1
57380,41,2
57381,41,1
57389,26,4
57390,26,4
57391,26,4
57392,26,3
57393,26,3
57394,26,3
57395,26,3
57400,26,1
57401,26,1
57403,26,2
57411,26,2
57412,26,2
57413,26,2
57414,26,2
57418,19,1
57419,19,1
57453,28,3
57454,28,1
57455,28,2
57465,28,3
57466,28,1
57467,28,1
57471,4,2
57474,4,2
57475,4,2
57483,41,4
57484,41,4
57487,41,1
57488,41,1
57489,41,6
57490,41,2
57491,41,6
57494,41,2
57495,41,2
57496,41,4
57497,41,3
57498,41,2
57499,41,2
57513,41,1
57514,41,5
57517,41,3
57526,69,1
57527,69,1
57530,69,2
57531,69,2
57537,69,3
57553,69,3
57554,69,1
57556,69,1
57557,69,1
57558,69,1
57559,69,14
57560,69,14
57562,69,3
57564,69,6
57565,69,5
57566,69,5
57567,69,6
57568,69,2
57573,69,5
57574,69,5
57578,69,13
57588,51,1
57589,51,1
57592,51,4
57598,51,5
57599,51,5
57600,51,2
57601,51,2
57602,51,2
57603,51,2
57604,51,2
57608,51,2
57609,51,1
57622,51,1
57623,51,1
57624,51,1
57625,51,1
57629,51,1
57632,51,2
57645,41,2
57669,41,3
57670,41,3
57679,41,2
57685,25,3
57698,25,3
57699,25,3
57702,25,3
57703,25,3
57704,25,3
57720,28,7
57721,28,7
57722,28,7
57723,28,7
57724,28,7
57725,28,7
57726,28,7
57727,28,7
57729,28,1
57730,28,1
57732,28,2
57734,28,2
57735,28,1
57787,31,3
57788,31,3
57789,31,3
57790,31,3
57799,13,1
57800,13,1
57801,13,3
57807,13,1
57808,13,1
57811,13,1
57814,26,1
57817,26,2
57818,26,1
57821,26,2
57822,26,1
57847,5,1
57851,32,4
57852,32,4
57859,32,2
57863,32,4
57864,32,3
57865,32,3
57874,32,1
57877,32,1
57882,78,3
57883,78,3
57884,78,3
57885,78,5
57886,78,4
57887,78,4
57888,78,1
57901,78,1
57902,78,4
57932,78,1
57935,78,3
57936,78,2
57939,78,3
57940,78,4
57941,78,4
57942,78,5
57943,78,4
57945,78,4
57946,78,4
57947,78,4
57948,78,4
57950,78,3
57951,78,2
57954,78,3
57955,78,3
57958,78,2
57964,6,1
57966,6,1
57970,25,4
57973,25,3
57974,25,3
57980,25,3
57983,25,8
57984,25,8
57985,25,8
57986,25,8
57987,25,8
57988,25,8
57989,25,8
57990,25,8
57991,25,8
57993,25,1
58001,59,7
58002,59,7
58004,59,8
58006,59,18
58009,59,14
58011,59,21
58012,59,20
58013,59,19
58022,59,5
58027,59,2
58028,59,1
58030,59,9
58034,59,14
58035,59,14
58036,59,10
58037,59,14
58039,59,20
58040,59,20
58042,59,20
58043,59,20
58045,59,14
58048,59,17
58049,59,18
58050,59,15
58051,59,18
58052,59,18
58053,59,1
58054,59,16
58055,59,18
58062,17,1
58069,17,1
58074,17,1
58075,17,2
58077,4,1
58078,4,1
58080,4,1
58082,34,1
58083,34,1
58084,34,1
58110,34,1
58113,34,1
58115,34,1
58119,82,5
58121,82,5
58122,82,5
58128,82,2
58129,82,7
58130,82,1
58133,82,2
58136,82,1
58143,82,1
58144,82,3
58145,82,4
58146,82,4
58148,82,3
58149,82,3
58152,82,1
58154,82,7
58168,82,1
58172,82,1
58173,82,1
58177,82,2
58178,82,3
58179,82,6
58185,82,2
58188,82,1
58189,82,2
58191,82,5
58192,82,5
58196,82,5
58202,27,2
58204,27,1
58205,27,1
58224,27,1
58250,25,2
58251,25,1
58252,25,1
58260,17,2
58261,17,2
58262,17,2
58263,17,2
58267,17,1
58284,15,4
58289,15,1
58290,15,1
58315,2,1
58319,40,9
58322,40,1
58327,40,1
58329,40,9
58330,40,9
58339,40,4
58345,40,2
58347,40,3
58348,40,3
58350,40,4
58366,1705,3
58367,1705,32
58374,1705,2
58382,1705,18
58383,1705,17
58400,1705,43
58408,1705,49
58409,1705,71
58412,1705,6
58413,1705,6
58414,1705,6
58415,1705,49
58427,1705,3
58430,1705,102
58433,1705,10
58434,1705,11
58439,1705,2
58440,1705,20
58441,1705,19
58442,1705,21
58443,1705,33
58444,1705,34
58445,1705,3
58446,1705,5
58447,1705,11
58448,1705,28
58449,1705,33
58450,1705,26
58451,1705,14
58452,1705,12
58453,1705,12
58454,1705,23
58455,1705,22
58456,1705,22
58457,1705,16
58458,1705,36
58459,1705,20
58460,1705,18
58461,1705,43
58462,1705,43
58463,1705,43
58464,1705,43
58465,1705,19
58466,1705,19
58467,1705,19
58468,1705,19
58469,1705,21
58470,1705,36
58471,1705,20
58472,1705,20
58473,1705,20
58474,1705,20
58475,1705,29
58476,1705,25
58477,1705,28
58478,1705,28
58479,1705,28
58480,1705,29
58481,1705,10
58482,1705,139
58483,1705,26
58484,1705,54
58485,1705,21
58486,1705,16
58487,1705,32
58488,1705,29
58489,1705,26
58490,1705,30
58491,1705,29
58492,1705,29
58493,1705,17
58494,1705,13
58495,1705,28
58496,1705,10
58497,1705,26
58498,1705,14
58499,1705,20
58500,1705,19
58501,1705,20
58502,1705,21
58503,1705,12
58504,1705,15
58505,1705,15
58506,1705,15
58507,1705,15
58508,1705,20
58509,1705,22
58510,1705,30
58512,1705,2
58513,1705,16
58514,1705,2
58515,1705,21
58516,1705,14
58517,1705,21
58518,1705,20
58519,1705,32
58520,1705,13
58521,1705,9
58522,1705,148
58523,1705,1
58529,1705,2
58531,1705,70
58532,1705,58
58533,1705,92
58534,1705,152
58536,1705,41
58537,1705,41
58538,1705,93
58539,1705,89
58540,1705,60
58541,1705,59
58542,1705,59
58543,1705,73
58544,1705,60
58545,1705,72
58546,1705,60
58547,1705,83
58548,1705,60
58549,1705,74
58550,1705,60
58551,1705,75
58552,1705,17
58553,1705,59
58554,1705,76
58555,1705,59
58556,1705,73
58557,1705,59
58558,1705,59
58559,1705,1
58561,1705,47
58562,1705,58
58563,1705,85
58564,1705,58
58565,1705,77
58566,1705,77
58568,1705,79
58569,1705,58
58570,1705,59
58571,1705,59
58572,1705,58
58573,1705,58
58574,1705,58
58575,1705,58
58576,1705,58
58577,1705,61
58579,1705,60
58580,1705,60
58581,1705,60
58582,1705,60
58583,1705,60
58584,1705,60
58585,1705,60
58586,1705,60
58587,1705,60
58588,1705,60
58589,1705,60
58590,1705,60
58591,1705,60
58592,1705,60
58593,1705,60
58594,1705,60
58595,1705,58
58596,1705,58
58598,1705,18
58599,1705,18
58600,1705,66
58601,1705,59
58602,1705,60
58603,1705,58
58604,1705,58
58606,1705,58
58607,1705,58
58613,1705,3
58614,1705,3
58617,1705,2
58619,1705,11
58627,1705,1
58628,1705,3
58629,1705,8
58630,1705,17
58631,1705,21
58632,1705,6
58633,1705,8
58634,1705,7
58635,1705,10
58636,1705,19
58637,1705,16
58638,1705,18
58639,1705,18
58640,1705,20
58641,1705,20
58642,1705,19
58643,1705,19
58644,1705,34
58645,1705,19
58646,1705,8
58647,1705,13
58648,1705,16
58649,1705,16
58650,1705,22
58651,1705,12
58652,1705,15
58653,1705,40
58654,1705,32
58655,1705,23
58656,1705,3
58657,1705,8
58658,1705,251
58659,1705,16
58660,1705,36
58661,1705,236
58662,1705,37
58663,1705,31
58673,1705,10
58674,1705,13
58677,1705,2
58680,1705,2
58681,1705,2
58689,1705,56
58690,1705,126
58691,1705,15
58692,1705,54
58694,1705,121
58695,1705,108
58696,1705,113
58698,1705,9
58699,1705,9
58703,1705,4
58704,1705,51
58705,1705,4
58707,1705,53
58727,1705,20
58728,1705,148
58731,1705,5
58732,1705,25
58733,1705,5
58734,1705,27
58735,1705,3
58736,1705,2
58737,1705,13
58751,1705,5
58752,1705,5
58753,1705,5
58757,1705,96
58758,1705,82
58759,1705,132
58760,1705,97
58761,1705,2
58767,1705,4
58768,1705,4
58769,1705,4
58770,1705,4
58779,1705,2
58780,1705,2
58781,1705,4
58785,1705,3
58786,1705,5
58791,1705,13
58792,1705,13
58793,1705,29
58796,1705,19
58799,1705,83
58807,1705,8
58808,1705,8
58809,1705,4
58810,1705,4
58811,1705,6
58812,1705,51
58813,1705,49
58814,1705,69
58815,1705,23
58816,1705,43
58817,1705,4
58824,1705,43
58825,1705,43
58826,1705,43
58827,1705,43
58829,1705,127
58830,1705,199
58831,1705,156
58832,1705,156
58833,1705,156
58834,1705,150
58847,1705,16
58848,1705,16
58849,1705,16
58850,1705,3
58851,1705,13
58852,1705,13
58853,1705,9
58854,1705,9
58860,1705,69
58861,1705,69
58862,1705,6
58863,1705,92
58864,1705,89
58886,1705,3
58887,1705,71
58888,1705,3
58889,1705,65
58890,1705,65
58891,1705,65
58892,1705,63
58893,1705,66
58894,1705,66
58895,1705,2
58901,1705,3
58903,1705,3
58905,1705,3
58906,1705,3
58907,1705,160
58908,1705,151
58910,1705,37
58911,1705,37
58912,1705,37
58913,1705,111
58914,1705,59
58918,1705,2
58922,1705,8
58923,1705,22
58924,1705,22
58925,1705,22
58926,1705,48
58929,1705,5
58930,1705,16
58931,1705,21
58932,1705,21
58933,1705,21
58934,1705,17
58935,1705,22
58941,1705,13
58942,1705,13
58943,1705,13
58944,1705,13
58955,1705,3
58956,1705,3
58957,1705,59
58958,1705,62
58959,1705,62
58960,1705,5
58966,1705,14
58967,1705,12
58968,1705,12
58969,1705,2
58971,1705,12
58972,1705,1
58973,1705,1
58974,1705,84
58975,1705,84
58979,1705,1
58981,1705,34
58982,1705,17
58983,1705,69
58984,1705,2
58985,1705,49
58986,1705,154
58987,1705,156
58988,1705,58
58989,1705,58
58990,1705,58
58991,1705,12
58992,1705,13
58993,1705,12
58994,1705,13
58995,1705,70
58996,1705,70
58997,1705,121
58998,1705,129
58999,1705,30
59000,1705,10
59001,1705,108
59002,1705,91
59003,1705,122
59004,1705,192
59005,1705,75
59006,1705,83
59007,1705,2
59008,1705,91
59009,1705,3
59010,1705,2
59011,1705,2
59012,1705,2
59013,1705,2
59014,1705,7
59015,1705,7
59016,1705,13
59017,1705,9
59018,1705,66
59019,1705,65
59020,1705,4
59021,1705,4
59022,1705,3
59023,1705,3
59024,1705,25
59025,1705,2
59026,1705,75
59027,1705,11
59028,1705,109
59029,1705,12
59030,1705,8
59031,1705,99
59032,1705,106
59033,1705,24
59034,1705,59
59035,1705,4
59036,1705,4
59037,1705,4
59038,1705,1
59039,1705,1
59040,1705,1
59041,1705,21
59042,1705,21
59043,1705,45
59044,1705,83
59047,1705,47
59048,1705,46
59049,1705,3
59050,1705,5
59051,1705,3
59052,1705,1
59053,1705,1
59054,1705,1
59055,1705,3
59056,1705,55
59057,1705,53
59058,1705,6
59059,1705,7
59060,1705,59
59061,1705,102
59062,1705,3
59063,1705,9
59064,1705,10
59065,1705,53
59066,1705,20
59067,1705,21
59068,1705,53
59069,1705,52
59070,1705,85
59071,1705,11
59072,1705,63
59073,1705,45
59075,1705,8
59076,1705,29
59077,1705,51
59078,1705,2
59079,1705,96
59080,1705,43
59081,1705,26
59082,1705,51
59083,1705,91
59084,1705,73
59085,1705,38
59086,1705,152
59087,1705,20
59088,1705,21
59089,1705,131
59090,1705,46
59091,1705,47
59092,1705,9
59093,1705,17
59094,1705,13
59095,1705,37
59096,1705,4
59097,1705,35
59100,1705,10
59101,1705,1
59102,1705,3
59103,1705,1
59104,1705,57
59105,1705,36
59106,1705,58
59107,1705,7
59108,1705,7
59109,1705,7
59110,1705,7
59111,1705,23
59112,1705,62
59113,1705,44
59114,1705,44
59115,1705,1
59116,1705,37
59117,1705,1
59118,1705,1
59119,1705,5
59120,1705,23
59121,1705,1
59122,1705,1
59123,1705,1
59124,1705,1
59125,1705,1
59126,1705,2
59127,1705,2
59128,1705,2
59129,1705,2
59130,1705,2
59131,1705,3
59132,1705,3
59133,1705,3
59134,1705,2
59135,1705,7
59136,1705,7
59137,1705,8
59138,1705,3
59139,1705,3
59140,1705,4
59141,1705,4
59142,1705,8
59143,1705,8
59144,1705,8
59145,1705,8
59146,1705,4
59147,1705,39
59148,1705,39
59149,1705,39
59150,1705,25
59151,1705,21
59152,1705,17
59153,1705,22
59154,1705,22
59155,1705,13
59156,1705,25
59157,1705,118
59158,1705,5
59159,1705,2
59160,1705,86
59161,1705,102
59162,1705,24
59163,1705,6
59164,1705,6
59165,1705,8
59166,1705,3
59167,1705,35
59168,1705,36
59169,1705,39
59170,1705,75
59171,1705,35
59172,1705,90
59173,1705,38
59174,1705,98
59175,1705,97
59176,1705,112
59177,1705,35
59178,1705,68
59179,1705,35
59180,1705,45
59181,1705,45
59182,1705,32
59183,1705,32
59184,1705,101
59185,1705,38
59186,1705,33
59187,1705,92
59188,1705,154
59189,1705,114
59190,1705,123
59191,1705,123
59192,1705,30
59193,1705,30
59194,1705,39
59195,1705,39
59196,1705,30
59197,1705,150
59198,1705,31
59199,1705,33
59200,1705,31
59201,1705,81
59202,1705,39
59203,1705,31
59204,1705,34
59205,1705,94
59206,1705,94
59207,1705,127
59208,1705,110
59209,1705,33
59210,1705,45
59211,1705,43
59212,1705,43
59213,1705,62
59214,1705,31
59215,1705,48
59216,1705,49
59217,1705,5
59218,1705,29
59219,1705,151
59220,1705,151
59221,1705,2
59222,1705,3
59223,1705,75
59224,1705,76
59225,1705,37
59226,1705,37
59227,1705,17
59228,1705,53
59229,1705,73
59230,1705,2
59231,1705,17
59232,1705,64
59233,1705,31
59234,1705,2
59235,1705,2
59236,1705,2
59237,1705,3
59238,1705,3
59239,1705,38
59240,1705,38
59241,1705,28
59242,1705,38
59243,1705,43
59244,1705,9
59245,1705,9
59246,1705,191
59247,1705,234
59248,1705,71
59249,1705,71
59250,1705,21
59251,1705,76
59252,1705,75
59253,1705,173
59254,1705,4
59255,1705,60
59256,1705,1
59257,1705,1
59258,1705,1
59259,1705,1
59260,1705,19
59261,1705,60
59262,1705,72
59263,1705,1
59264,1705,2
59265,1705,6
59266,1705,6
59267,1705,1
59268,1705,43
59269,1705,48
59270,1705,202
59271,1705,42
59272,1705,90
59273,1705,90
59274,1705,90
59275,1705,4
59276,1705,40
59277,1705,98
59278,1705,15
59280,1705,113
59281,1705,120
59286,1705,1
59292,1705,2
59293,1705,6
59294,1705,127
59295,1705,151
59296,1705,130
59297,1705,16
59298,1705,12
59299,1705,7
59300,1705,7
59301,1705,7
59302,1705,9
59303,1705,9
59304,1705,7
59305,1705,7
59306,1705,7
59307,1705,7
59308,1705,24
59309,1705,24
59310,1705,24
59311,1705,7
59312,1705,7
59313,1705,20
59314,1705,19
59315,1705,20
59316,1705,1
59317,1705,1
59318,1705,1
59319,1705,1
59320,1705,1
59321,1705,1
59328,1705,4
59329,1705,4
59332,1705,4
59333,1705,3
59335,1705,2
59338,1705,162
59339,1705,162
59347,1705,36
59348,1705,36
59350,1705,1
59354,1705,105
59355,1705,41
59356,1705,3
59357,1705,73
59358,1705,246
59359,1705,138
59363,1705,137
59364,1705,77
59365,1705,180
59366,1705,184
59367,1705,88
59372,1705,2
59373,1705,2
59374,1705,346
59378,1705,48
59379,1705,64
59386,1705,19
59401,1705,6
59406,1705,19
59408,1705,44
59409,1705,44
59410,1705,44
59411,1705,44
59412,1705,146
59413,1705,94
59414,1705,14
59420,1705,26
59421,1705,26
59422,1705,26
59423,1705,227
59424,1705,17
59425,1705,17
59426,1705,17
59427,1705,17
59436,1705,14
59437,1705,75
59447,1705,18
59448,1705,18
59453,1705,6
59454,1705,6
59455,1705,6
59456,1705,38
59457,1705,33
59458,1705,33
59459,1705,6
59460,1705,11
59461,1705,2
59462,1705,2
59463,1705,2
59464,1705,227
59465,1705,9
59466,1705,118
59467,1705,228
59468,1705,26
59469,1705,173
59470,1705,165
59475,1705,5
59476,1705,5
59477,1705,56
59478,1705,143
59479,1705,216
59482,1705,1
59483,1705,1
59484,1705,1
59485,1705,193
59490,1705,3
59493,1705,57
59494,1705,58
59495,1705,60
59496,1705,85
59497,1705,4
59498,1705,4
59506,1705,6
59507,1705,1
59508,1705,1
59513,1705,10
59514,1705,10
59515,1705,52
59516,1705,52
59517,1705,119
59518,1705,10
59519,1705,3
59520,1705,167
59521,1705,5
59522,1705,3
59523,1705,10
59524,1705,9
59525,1705,9
59526,1705,9
59527,1705,7
59528,1705,7
59529,1705,7
59530,1705,7
59531,1705,34
59532,1705,34
59533,1705,34
59534,1705,34
59535,1705,2
59536,1705,317
59539,1705,121
59540,1705,63
59541,1705,63
59542,1705,280
59545,1705,144
59546,1705,49
59547,1705,40
59548,1705,40
59549,1705,46
59551,1705,34
59552,1705,17
59553,1705,156
59554,1705,117
59555,1705,242
59556,1705,121
59557,1705,279
59558,1705,11
59559,1705,23
59561,1705,229
59562,1705,17
59563,1705,6
59564,1705,145
59565,1705,51
59566,1705,24
59567,1705,79
59568,1705,52
59569,1705,4
59570,1705,64
59572,1705,1
59573,1705,2
59574,1705,238
59575,1705,11
59576,1705,136
59577,1705,10
59578,1705,128
59579,1705,31
59580,1705,7
59581,1705,180
59582,1705,3
59585,1705,47
59586,1705,48
59587,1705,133
59588,1705,4
59589,1705,1
59590,1705,1
59591,1705,239
59592,1705,87
59593,1705,66
59594,1705,372
59595,1705,119
59596,1705,5
59597,1705,1
59598,1705,1
59602,1705,44
59603,1705,73
59604,1705,20
59605,1705,20
59606,1705,19
59607,1705,53
59608,1705,97
59609,1705,30
59610,1705,26
59611,1705,26
59612,1705,54
59613,1705,37
59614,1705,115
59615,1705,2
59616,1705,7
59617,1705,114
59618,1705,36
59619,1705,37
59620,1705,6
59621,1705,5
59622,1705,5
59623,1705,156
59624,1705,119
59625,1705,123
59626,1705,5
59627,1705,18
59628,1705,7
59629,1705,21
59630,1705,21
59631,1705,120
59632,1705,15
59633,1705,15
59634,1705,54
59635,1705,110
59636,1705,133
59642,1705,182
59645,1705,4
59651,1705,136
59654,1705,60
59655,1705,233
59656,1705,183
59659,1705,295
59667,1705,9
59668,1705,73
59672,1705,145
59675,1705,5
59676,1705,306
59678,1705,57
59681,1705,239
59686,1705,28
59687,1705,28
59688,1705,12
59690,1705,100
59691,1705,2
59699,1705,3
59700,1705,3
59701,1705,23
59702,1705,21
59703,1705,26
59704,1705,22
59705,1705,25
59706,1705,4
59707,1705,24
59708,1705,8
59709,1705,33
59710,1705,9
59711,1705,9
59712,1705,11
59713,1705,193
59716,1705,114
59720,1705,145
59721,1705,102
59722,1705,125
59727,1705,28
59728,1705,28
59729,1705,28
59730,1705,6
59731,1705,14
59732,1705,14
59733,1705,14
59734,1705,86
59738,1705,4
59739,1705,4
59740,1705,4
59743,1705,19
59744,1705,18
59745,1705,24
59746,1705,24
59747,1705,25
59748,1705,18
59749,1705,19
59753,1705,35
59754,1705,35
59755,1705,37
59756,1705,37
59780,1705,18
59781,1705,18
59782,1705,16
59783,1705,16
59784,1705,18
59785,1705,18
59786,1705,22
59787,1705,22
59788,1705,22
59789,1705,25
59790,1705,22
59791,1705,22
59792,1705,51
59793,1705,35
59794,1705,41
59795,1705,13
59814,1705,200
59821,1705,4
59824,1705,38
59825,1705,42
59826,1705,38
59835,1705,7
59836,1705,3
59839,1705,48
59843,1705,42
59844,1705,42
59845,1705,42
59846,1705,42
59858,1705,24
59859,1705,24
59860,1705,24
59861,1705,24
59864,1705,41
59865,1705,41
59866,1705,159
59868,1705,44
59869,1705,4
59870,1705,4
59871,1705,4
59872,1705,4
59875,1705,182
59878,1705,14
59879,1705,14
59880,1705,14
59881,1705,14
59882,1705,49
59883,1705,49
59884,1705,35
59885,1705,35
59886,1705,35
59887,1705,35
59903,1705,83
59904,1705,1
59905,1705,1
59906,1705,133
59907,1705,24
59908,1705,24
59909,1705,24
59911,1705,18
59912,1705,18
59913,1705,16
59914,1705,16
59915,1705,16
59916,1705,16
59917,1705,23
59918,1705,33
59930,1705,3
59931,1705,1
59932,1705,1
59939,1705,31
59942,1705,87
59945,1705,11
59946,1705,7
59947,1705,1
59953,1705,16
59954,1705,16
59955,1705,16
59956,1705,16
59966,1705,50
59982,1705,19
59983,1705,19
59984,1705,41
59987,1705,9
59991,1705,5
59992,1705,5
59993,1705,5
60000,1705,37
60001,1705,69
60002,1705,1
60003,1705,29
60005,1705,37
60006,1705,110
60007,1705,26
60008,1705,25
60009,1705,25
60010,1705,31
60012,1705,43
60013,1705,101
60014,1705,87
60015,1705,27
60019,1705,94
60020,1705,39
60021,1705,5
60025,1705,51
60026,1705,25
60027,1705,39
60031,1705,1
60035,1705,1
60036,1705,24
60037,1705,24
60038,1705,24
60039,1705,24
60040,1705,35
60044,1705,36
60054,1705,50
60058,1705,18
60059,1705,18
60060,1705,101
60061,1705,69
60062,1705,11
60063,1705,11
60064,1705,11
60065,1705,66
60066,1705,14
60067,1705,14
60068,1705,14
60069,1705,86
60074,59,1
60075,59,1
60084,59,16
60085,59,16
60086,59,7
60087,59,6
60088,59,30
60089,59,30
60090,59,22
60091,59,26
60092,59,24
60093,59,22
60094,59,4
60095,59,18
60096,59,6
60097,59,20
60098,59,24
60099,59,24
60100,59,22
60101,59,21
60102,59,21
60103,59,24
60104,59,21
60105,59,28
60106,59,28
60107,59,30
60108,59,21
60109,59,27
60110,59,30
60111,59,30
60112,59,28
60113,59,21
60114,59,27
60115,59,27
60116,59,21
60117,59,4
60118,59,14
60119,59,14
60120,59,4
60121,59,4
60132,37,1
60134,37,2
60136,37,3
60137,37,3
60138,37,3
60145,37,1
60146,37,1
60147,37,3
60148,37,4
60149,37,2
60158,37,1
60163,37,1
60165,37,1
60177,27,1
60178,27,1
60193,27,1
60195,27,1
60216,14,2
60217,14,2
60258,13,4
60260,13,4
60261,13,4
60262,13,6
60263,13,4
60264,13,6
60265,13,4
60266,13,6
60284,25,1
60285,25,2
60294,25,1
60304,34,2
60305,34,2
60306,34,2
60309,34,3
60310,34,2
60314,34,2
60315,34,2
60316,34,2
60317,34,2
60331,34,2
60332,34,2
60335,34,3
60336,34,2
60347,21,2
60354,21,2
60361,21,2
60377,40,1
60383,40,1
60384,40,1
60385,40,3
60386,40,3
60387,40,3
60388,40,3
60389,40,1
60391,40,2
60399,40,1
60400,40,1
60427,57,4
60428,57,4
60430,57,3
60431,57,3
60432,57,3
60441,57,5
60442,57,4
60443,57,4
60445,57,12
60446,57,10
60447,57,10
60448,57,10
60449,57,3
60450,57,7
60451,57,7
60452,57,4
60453,57,4
60454,57,9
60455,57,4
60456,57,4
60457,57,4
60458,57,4
60470,30,1
60471,30,1
60472,30,1
60488,30,3
60489,30,1
60490,30,1
60500,3,2
60501,3,2
60502,3,2
60503,3,2
60516,13,3
60538,21,1
60539,21,1
60541,21,2
60543,21,3
60544,21,3
60547,21,1
60548,21,1
60549,21,3
60550,21,3
60551,21,6
60567,54,3
60568,54,1
60569,54,2
60570,54,1
60578,54,3
60580,54,2
60581,54,2
60599,54,6
60600,54,3
60601,54,8
60602,54,4
60603,54,1
60613,54,4
60617,54,6
60621,45,6
60622,45,6
60623,45,2
60627,45,6
60628,45,6
60637,45,1
60638,45,3
60641,45,6
60642,45,7
60643,45,6
60644,45,6
60657,45,2
60660,45,2
60661,45,2
60662,45,2
60669,9,1
60675,6,3
60698,19,1
60699,19,1
60700,19,2
60705,45,6
60706,45,7
60707,45,2
60709,45,7
60714,45,7
60719,45,5
60720,45,9
60726,45,2
60741,45,2
60744,45,7
60745,45,5
60746,45,7
60748,27,4
60753,27,3
60754,27,3
60755,27,3
60756,27,3
60757,27,7
60758,27,7
60759,27,3
60760,27,3
60768,27,5
60770,27,1
60794,74,1
60795,74,1
60807,74,1
60808,74,1
60814,74,5
60815,74,4
60816,74,2
60817,74,3
60818,74,4
60819,74,4
60821,74,2
60827,74,3
60828,74,9
60829,74,10
60831,74,2
60832,74,2
60833,74,2
60834,74,2
60835,74,4
60836,74,2
60837,74,2
60838,74,2
60855,23,8
60856,23,6
60857,23,9
60858,23,7
60859,23,7
60860,23,7
60862,23,2
60863,23,2
60864,23,4
60865,23,6
60866,23,6
60867,23,6
60876,20,1
60890,20,1
60900,28,2
60901,28,1
60904,28,2
60905,28,2
60906,28,2
60907,28,4
60908,28,3
60925,65,1
60932,65,1
60933,65,1
60938,65,1
60946,65,1
60947,65,3
60948,65,3
60949,65,3
60950,65,6
60951,65,3
60952,65,3
60953,65,4
60954,65,4
60961,65,3
60964,65,4
60965,65,4
60966,65,4
60967,65,4
60971,65,2
60972,65,2
60973,65,2
60974,65,2
60975,65,1
60976,65,2
60978,65,1
60980,65,1
60985,65,4
60997,42,7
60998,42,7
60999,42,7
61000,42,3
61001,42,5
61011,42,1
61015,42,4
61019,42,2
61020,42,4
61021,42,6
61033,3,3
61034,3,3
61035,3,3
61036,3,3
61037,34,1
61046,34,1
61069,34,1
61070,34,1
61074,38,1
61078,38,1
61079,38,2
61087,38,1
61088,38,1
61089,38,1
61090,38,2
61092,38,2
61094,38,4
61095,38,1
61096,38,2
61097,38,1
61100,38,2
61101,38,2
61107,38,2
61110,38,1
61129,30,3
61132,30,3
61142,3,1
61143,3,1
61144,3,1
61145,3,3
61152,48,5
61154,48,6
61157,48,4
61164,48,1
61166,48,2
61169,48,1
61170,48,1
61173,48,3
61174,48,2
61175,48,2
61177,48,1
61178,48,1
61182,48,4
61184,48,1
61185,48,2
61188,48,3
61189,48,3
61190,48,3
61191,48,3
61192,48,2
61193,48,5
61194,48,1
61199,9,3
61200,9,3
61201,9,2
61202,9,2
61207,17,4
61210,17,1
61211,17,1
61212,17,1
61213,17,2
61214,17,1
61253,24,1
61280,25,1
61281,25,1
61295,7,1
61296,7,1
61323,35,2
61336,35,1
61337,35,1
61339,35,2
61348,35,1
61349,35,1
61353,35,1
61354,35,1
61359,12,1
61363,12,1
61372,69,1
61382,69,6
61388,69,2
61389,69,2
61390,69,2
61391,69,5
61394,69,1
61402,69,2
61404,69,2
61405,69,2
61412,69,3
61420,69,6
61421,69,4
61422,69,3
61424,69,7
61425,69,2
61426,69,1
61427,69,1
61428,69,2
61439,69,11
61460,28,6
61461,28,6
61462,28,5
61463,28,5
61464,28,4
61465,28,4
61466,28,4
61474,26,8
61475,26,5
61478,26,2
61479,26,2
61480,26,6
61481,26,5
61482,26,4
61483,26,1
61484,26,1
61491,26,2
61492,26,1
61493,26,1
61496,26,3
61497,26,3
61498,26,3
61500,10,1
61509,10,1
61526,105,2
61527,105,2
61535,105,1
61537,105,1
61538,105,6
61539,105,5
61540,105,2
61541,105,2
61542,105,2
61543,105,2
61546,105,1
61548,105,5
61549,105,5
61552,105,5
61553,105,5
61555,105,4
61556,105,4
61557,105,5
61558,105,1
61559,105,1
61562,105,4
61565,105,3
61567,105,3
61568,105,10
61570,105,4
61571,105,4
61574,105,1
61575,105,1
61577,105,3
61586,105,1
61587,105,1
61588,105,1
61597,105,7
61601,105,2
61606,105,7
61607,105,5
61608,105,4
61609,105,3
61610,105,5
61611,105,3
61612,105,3
61613,105,8
61614,105,1
61615,105,1
61622,105,2
61623,105,2
61624,105,2
61625,105,2
61628,105,1
61629,105,5
61633,79,7
61636,79,2
61637,79,3
61638,79,3
61639,79,1
61640,79,1
61642,79,3
61643,79,3
61644,79,4
61646,79,1
61649,79,3
61653,79,1
61662,79,3
61685,79,1
61689,79,3
61691,79,3
61692,79,4
61693,79,2
61694,79,5
61695,79,1
61696,79,3
61699,79,1
61700,79,4
61701,79,4
61702,79,1
61703,79,2
61704,79,2
61708,79,2
61709,79,2
61711,4,1
61712,4,1
61717,12,8
61718,12,4
61719,12,6
61720,12,6
61721,12,4
61722,12,4
61723,12,4
61724,12,5
61728,12,3
61729,12,1
61740,156,2
61744,156,3
61745,156,3
61749,156,2
61750,156,2
61751,156,5
61752,156,15
61757,156,16
61768,156,9
61778,156,2
61779,156,10
61780,156,1
61783,156,1
61784,156,1
61792,156,8
61793,156,8
61803,156,21
61805,156,5
61808,156,2
61809,156,2
61812,156,10
61813,156,10
61815,156,9
61817,156,6
61818,156,7
61819,156,9
61821,156,7
61822,156,4
61825,156,6
61826,156,3
61828,156,18
61830,156,4
61831,156,1
61832,156,1
61833,156,1
61835,156,3
61841,156,2
61842,156,2
61843,156,2
61847,156,1
61848,156,1
61849,156,2
61850,156,2
61851,156,2
61854,156,3
61855,156,3
61864,156,15
61873,156,14
61875,156,1
61876,156,1
61877,156,2
61881,156,2
61884,156,10
61885,156,4
61889,6,3
61890,6,3
61891,6,2
61892,6,2
61893,6,2
61898,28,1
61899,28,1
61900,28,1
61906,28,1
61908,28,2
61909,28,1
61923,28,1
61927,19,1
61931,19,1
61935,19,2
61945,22,1
61965,22,1
61966,22,1
62001,32,2
62002,32,2
62012,32,1
62014,32,1
62019,32,2
62022,32,1
62041,20,2
62047,20,1
62048,20,1
62072,68,2
62085,68,3
62096,68,5
62097,68,9
62098,68,5
62099,68,5
62100,68,4
62105,68,2
62106,68,5
62107,68,4
62118,68,3
62135,68,5
62138,68,3
62143,23,1
62145,23,2
62156,23,2
62158,23,1
62159,23,1
62161,23,3
62163,23,2
62167,76,2
62172,76,1
62173,76,1
62175,76,2
62176,76,1
62183,76,3
62184,76,3
62185,76,2
62186,76,4
62191,76,3
62196,76,1
62197,76,1
62198,76,1
62199,76,1
62200,76,1
62201,76,5
62202,76,2
62203,76,1
62204,76,5
62215,76,4
62216,76,2
62217,76,2
62227,76,4
62230,76,1
62236,76,1
62238,76,1
62239,76,1
62269,21,1
62270,21,1
62273,21,2
62288,57,12
62289,57,10
62290,57,6
62291,57,4
62292,57,4
62294,57,8
62295,57,8
62297,57,3
62298,57,3
62302,57,3
62303,57,4
62304,57,1
62307,57,3
62308,57,8
62309,57,3
62310,57,4
62311,57,4
62312,57,4
62315,57,3
62316,57,3
62317,57,3
62318,57,6
62319,57,4
62320,57,4
62321,57,4
62323,57,3
62324,57,8
62325,57,3
62330,57,6
62331,57,6
62332,57,5
62333,57,5
62334,57,5
62350,18,1
62354,18,1
62356,18,2
62357,18,1
62358,18,4
62385,6,1
62386,6,1
62394,11,1
62402,21,1
62406,21,1
62407,21,1
62411,21,1
62414,21,2
62424,44,1
62428,44,1
62451,44,1
62452,44,1
62456,44,2
62457,44,1
62458,44,2
62460,44,2
62476,12,2
62477,12,2
62479,12,2
62488,36,3
62498,36,3
62499,36,3
62500,36,3
62502,36,1
62508,36,8
62509,36,3
62510,36,3
62512,36,5
62513,36,5
62515,36,4
62516,36,5
62521,15,3
62523,15,1
62524,15,1
62525,15,1
62534,15,2
62535,15,2
62536,15,2
62548,122,4
62549,122,23
62550,122,1
62551,122,1
62552,122,1
62557,122,23
62562,122,2
62563,122,2
62564,122,8
62570,122,5
62584,122,18
62587,122,4
62588,122,32
62590,122,20
62598,122,4
62603,122,18
62604,122,16
62606,122,16
62607,122,16
62608,122,16
62609,122,16
62610,122,16
62611,122,20
62613,122,3
62618,122,18
62619,122,18
62626,122,3
62627,122,3
62630,122,9
62631,122,6
62632,122,3
62633,122,3
62634,122,19
62635,122,20
62636,122,5
62637,122,11
62638,122,12
62639,122,3
62640,122,1
62641,122,1
62644,122,21
62645,122,21
62652,122,1
62654,122,2
62655,122,2
62656,122,2
62659,122,2
62661,122,1
62662,122,1
62663,122,3
62664,122,17
62671,11,2
62672,11,2
62673,11,2
62682,12,1
62685,12,1
62703,80,4
62704,80,4
62707,80,6
62708,80,11
62713,80,5
62719,80,10
62720,80,8
62722,80,1
62725,80,12
62726,80,2
62727,80,9
62728,80,2
62729,80,1
62731,80,2
62732,80,2
62734,80,14
62735,80,11
62736,80,12
62738,80,2
62739,80,2
62744,80,8
62748,80,1
62752,80,2
62754,80,3
62755,80,3
62756,80,3
62757,80,3
62758,80,3
62759,80,3
62760,80,1
62762,80,7
62763,80,7
62768,80,1
62769,80,1
62770,80,1
62772,80,2
62773,80,2
62774,80,1
62775,80,1
62777,80,2
62778,80,2
62779,80,1
62780,80,1
62783,17,1
62784,17,1
62785,17,2
62787,17,6
62788,17,2
62795,17,2
62798,17,2
62804,3,1
62805,3,1
62806,3,2
62811,8,2
62816,8,1
62817,8,3
62818,8,2
62822,35,9
62825,35,7
62826,35,7
62827,35,10
62828,35,10
62829,35,4
62830,35,11
62831,35,11
62832,35,1
62833,35,13
62834,35,8
62835,35,8
62839,35,8
62840,35,10
62841,35,10
62844,35,10
62845,35,10
62847,35,8
62848,35,10
62849,35,10
62851,35,7
62852,35,6
62861,25,4
62862,25,4
62863,25,3
62866,25,1
62870,25,2
62871,25,2
62872,25,2
62873,25,1
62879,25,1
62881,4,2
62882,4,2
62883,4,2
62884,4,2
62888,30,1
62889,30,1
62895,30,5
62902,30,1
62903,30,1
62904,30,1
62906,30,3
62907,30,1
62908,30,1
62913,30,1
62939,16,1
62940,16,1
62942,16,5
62943,16,8
62944,16,5
62945,16,1
62946,16,5
62950,16,4
62951,16,4
62960,26,4
62961,26,4
62962,26,3
62975,26,3
62976,26,4
62977,26,3
62978,26,6
62979,26,2
62980,26,2
62981,26,2
62992,26,2
62993,26,2
62994,26,2
62996,26,7
62997,26,9
62998,26,5
62999,26,1
63000,26,3
63004,26,4
63006,26,5
63019,16,2
63020,16,1
63021,16,1
63024,16,5
63025,16,6
63026,16,3
63027,16,2
63028,16,2
63029,16,2
63033,14,1
63034,14,1
63039,14,2
63060,32,6
63062,32,4
63063,32,2
63065,32,4
63069,32,5
63070,32,5
63071,32,5
63072,32,6
63073,32,1
63078,32,4
63080,32,7
63081,32,7
63083,32,4
63087,6,2
63088,6,2
63089,6,2
63090,6,2
63095,11,4
63096,11,4
63097,11,4
63098,11,4
63099,11,4
63108,28,1
63111,28,7
63113,28,11
63114,28,5
63115,28,8
63116,28,5
63117,28,5
63120,28,8
63121,28,8
63122,28,8
63123,28,6
63124,28,5
63130,28,8
63150,14,1
63151,14,2
63153,14,2
63156,14,1
63164,10,4
63165,10,4
63166,10,4
63168,10,4
63169,10,4
63170,10,4
63197,43,1
63198,43,14
63200,43,8
63201,43,8
63203,43,11
63204,43,11
63205,43,15
63206,43,16
63207,43,16
63208,43,13
63210,43,6
63211,43,5
63212,43,2
63213,43,15
63214,43,14
63215,43,14
63216,43,16
63217,43,2
63218,43,4
63230,43,5
63231,43,5
63232,43,16
63233,43,1
63234,43,1
63235,43,10
63236,43,10
63243,10,1
63244,10,1
63267,100,3
63268,100,3
63269,100,3
63270,100,3
63278,100,1
63280,100,1
63281,100,1
63283,100,2
63287,100,5
63288,100,5
63289,100,2
63297,100,2
63298,100,2
63299,100,4
63307,100,3
63308,100,4
63309,100,4
63310,100,4
63316,100,6
63325,100,2
63327,100,3
63328,100,3
63329,100,2
63330,100,4
63331,100,4
63332,100,10
63333,100,1
63334,100,1
63347,100,6
63348,100,6
63354,100,5
63355,100,5
63367,100,5
63374,22,8
63375,22,5
63376,22,7
63377,22,6
63378,22,6
63379,22,5
63380,22,6
63381,22,6
63383,22,1
63422,1,1
63423,1,1
63440,8,2
63441,8,2
63442,8,2
63467,62,17
63468,62,6
63469,62,7
63470,62,5
63471,62,3
63474,62,10
63475,62,10
63476,62,10
63477,62,10
63478,62,11
63479,62,1
63480,62,1
63481,62,1
63482,62,4
63483,62,5
63484,62,5
63485,62,3
63486,62,2
63487,62,2
63488,62,3
63489,62,1
63490,62,29
63491,62,20
63492,62,6
63493,62,2
63494,62,2
63495,62,28
63496,62,1
63497,62,9
63502,62,16
63504,62,14
63505,62,7
63507,62,10
63508,62,10
63509,62,10
63510,62,10
63511,62,10
63513,62,5
63514,62,2
63547,315,50
63551,315,25
63556,315,32
63560,315,19
63561,315,10
63565,315,3
63566,315,3
63567,315,5
63568,315,64
63569,315,1
63570,315,3
63571,315,3
63572,315,40
63573,315,31
63574,315,7
63575,315,12
63576,315,8
63577,315,8
63578,315,8
63579,315,8
63582,315,31
63596,315,19
63597,315,4
63598,315,4
63599,315,4
63600,315,4
63601,315,4
63604,315,40
63605,315,58
63607,315,2
63608,315,34
63609,315,2
63613,315,21
63614,315,21
63621,315,20
63622,315,8
63624,315,2
63626,315,30
63629,315,49
63630,315,46
63631,315,46
63632,315,18
63635,315,6
63639,315,1
63640,315,1
63643,315,6
63644,315,27
63645,315,27
63646,315,27
63647,315,23
63649,315,6
63650,315,6
63651,315,6
63652,315,29
63653,315,29
63654,315,28
63655,315,28
63656,315,28
63657,315,21
63658,315,19
63659,315,2
63660,315,2
63661,315,2
63662,315,2
63663,315,31
63664,315,8
63665,315,30
63666,315,10
63667,315,10
63668,315,10
63685,315,60
63686,315,54
63687,315,54
63689,315,5
63692,315,17
63693,315,17
63694,315,17
63695,315,17
63696,315,17
63697,315,17
63706,315,38
63707,315,38
63708,315,38
63709,315,38
63710,315,38
63715,315,1
63724,315,55
63725,315,55
63728,315,3
63730,315,8
63731,315,8
63732,315,3
63733,315,32
63735,315,17
63736,315,38
63737,315,26
63738,315,6
63756,315,9
63768,315,14
63769,315,15
63770,315,1
63771,315,1
63772,315,1
63774,315,8
63775,315,18
63778,315,14
63779,315,14
63780,315,14
63783,315,4
63787,315,3
63788,315,9
63789,315,6
63790,315,3
63791,315,6
63792,315,6
63793,315,50
63794,315,2
63795,315,2
63796,315,3
63797,315,3
63803,315,12
63804,315,45
63805,315,25
63806,315,24
63807,315,24
63808,315,17
63809,315,17
63810,315,25
63811,315,34
63812,315,23
63814,315,28
63816,315,6
63817,315,67
63824,315,43
63827,315,21
63828,315,22
63830,315,33
63831,315,32
63849,13,3
63850,13,4
63851,13,3
63852,13,4
63853,13,4
63857,34,1
63861,34,1
63863,34,3
63864,34,3
63877,34,2
63878,34,1
63882,34,1
63888,34,4
63889,34,6
63890,34,4
63913,17,1
63916,17,1
63929,13,1
63935,49,1
63936,49,1
63951,49,7
63952,49,4
63953,49,7
63954,49,1
63955,49,7
63956,49,4
63959,49,2
63960,49,2
63961,49,2
63965,49,1
63966,49,1
63979,49,1
63980,49,1
63994,23,2
63995,23,1
63999,23,2
64001,23,3
64005,23,2
64007,23,1
64008,23,1
64024,126,3
64025,126,14
64026,126,15
64027,126,9
64028,126,8
64031,126,2
64032,126,2
64035,126,5
64036,126,3
64037,126,3
64050,126,1
64051,126,9
64054,126,3
64055,126,2
64057,126,14
64058,126,6
64059,126,6
64062,126,6
64063,126,18
64067,126,14
64077,126,6
64080,126,7
64086,126,11
64087,126,11
64091,126,7
64092,126,7
64098,126,8
64099,126,18
64100,126,10
64101,126,10
64104,126,11
64106,126,7
64107,126,3
64108,126,3
64109,126,5
64110,126,5
64111,126,5
64112,126,5
64113,126,1
64114,126,2
64115,126,3
64117,126,4
64118,126,11
64126,126,11
64135,126,3
64148,126,1
64149,126,3
64150,126,8
64159,29,2
64160,29,2
64177,29,3
64178,29,3
64185,46,3
64193,46,1
64194,46,7
64198,46,1
64199,46,3
64200,46,5
64201,46,10
64202,46,5
64203,46,8
64204,46,5
64205,46,5
64206,46,3
64208,46,5
64209,46,6
64210,46,6
64219,46,4
64224,46,2
64278,465,21
64279,465,21
64280,465,21
64283,465,36
64285,465,10
64287,465,3
64288,465,3
64291,465,29
64292,465,27
64305,465,5
64306,465,32
64307,465,32
64308,465,32
64309,465,17
64310,465,17
64311,465,59
64312,465,42
64313,465,42
64314,465,15
64315,465,15
64316,465,32
64317,465,32
64318,465,32
64319,465,15
64320,465,15
64321,465,35
64322,465,35
64323,465,35
64324,465,16
64325,465,26
64326,465,10
64328,465,10
64329,465,5
64330,465,21
64331,465,17
64332,465,19
64333,465,19
64334,465,38
64335,465,23
64336,465,36
64337,465,40
64338,465,20
64339,465,20
64340,465,24
64341,465,33
64342,465,33
64343,465,23
64344,465,23
64345,465,24
64346,465,24
64347,465,22
64348,465,22
64349,465,18
64350,465,18
64351,465,21
64352,465,21
64353,465,7
64354,465,7
64355,465,9
64356,465,9
64358,465,1
64359,465,2
64360,465,2
64361,465,28
64362,465,26
64369,465,5
64370,465,5
64382,465,4
64384,465,11
64388,465,11
64390,465,5
64391,465,5
64392,465,5
64393,465,5
64394,465,1
64395,465,1
64396,465,1
64403,465,14
64404,465,15
64405,465,56
64406,465,56
64407,465,32
64408,465,33
64409,465,13
64410,465,12
64411,465,12
64412,465,10
64419,465,4
64421,465,13
64424,465,3
64425,465,3
64426,465,3
64427,465,3
64430,465,23
64431,465,23
64432,465,23
64433,465,39
64434,465,13
64435,465,18
64436,465,58
64437,465,58
64438,465,49
64442,465,22
64443,465,22
64446,465,13
64447,465,60
64448,465,2
64449,465,6
64450,465,4
64451,465,12
64452,465,8
64454,465,52
64455,465,52
64456,465,52
64457,465,81
64458,465,34
64459,465,30
64460,465,36
64461,465,33
64462,465,33
64463,465,8
64465,465,30
64474,465,5
64475,465,5
64476,465,5
64477,465,5
64478,465,28
64479,465,28
64480,465,29
64481,465,7
64482,465,6
64483,465,6
64484,465,3
64485,465,3
64486,465,2
64487,465,2
64488,465,3
64489,465,2
64491,465,3
64492,465,3
64493,465,3
64494,465,3
64495,465,60
64496,465,5
64497,465,47
64498,465,43
64499,465,37
64500,465,37
64507,465,53
64508,465,53
64509,465,53
64513,465,6
64517,465,3
64518,465,3
64519,465,3
64521,465,3
64522,465,3
64523,465,3
64524,465,13
64525,465,13
64526,465,13
64527,465,61
64528,465,29
64529,465,19
64561,465,56
64569,465,1
64570,465,1
64571,465,62
64572,465,61
64573,465,30
64574,465,30
64575,465,29
64577,465,48
64578,465,48
64579,465,38
64580,465,31
64581,465,30
64582,465,2
64583,465,7
64584,465,5
64585,465,32
64586,465,32
64587,465,31
64588,465,21
64589,465,21
64590,465,21
64591,465,21
64592,465,37
64593,465,37
64594,465,37
64602,465,3
64609,465,12
64611,465,24
64612,465,37
64613,465,19
64618,465,1
64619,465,1
64620,465,1
64621,465,1
64622,465,1
64623,465,1
64624,465,1
64625,465,26
64626,465,26
64629,465,30
64630,465,30
64631,465,11
64632,465,2
64633,465,2
64636,465,7
64637,465,7
64638,465,7
64639,465,19
64641,465,39
64646,465,16
64647,465,34
64648,465,34
64649,465,39
64650,465,84
64663,465,12
64664,465,12
64665,465,40
64666,465,10
64668,465,40
64669,465,40
64670,465,45
64671,465,16
64672,465,61
64673,465,3
64675,465,64
64678,465,1
64679,465,1
64680,465,2
64681,465,7
64682,465,40
64683,465,4
64684,465,4
64686,465,87
64687,465,35
64689,465,11
64695,30,1
64701,30,1
64706,30,1
64720,30,1
64739,60,1
64741,60,2
64742,60,4
64746,60,1
64747,60,7
64748,60,2
64749,60,1
64750,60,1
64751,60,4
64761,60,1
64770,60,4
64771,60,1
64775,60,6
64781,60,1
64804,41,2
64823,41,1
64824,41,1
64825,41,2
64829,41,3
64831,41,3
64832,41,2
64852,16,1
64859,16,1
64874,172,4
64882,172,4
64883,172,4
64884,172,4
64885,172,1
64887,172,1
64888,172,4
64889,172,2
64890,172,2
64900,172,3
64901,172,3
64902,172,3
64903,172,10
64904,172,3
64912,172,18
64913,172,5
64922,172,8
64936,172,1
64940,172,7
64941,172,7
64949,172,4
64952,172,1
64953,172,8
64954,172,7
64963,172,1
64964,172,1
64986,172,2
64987,172,8
64988,172,1
64992,172,4
64993,172,4
65002,172,6
65003,172,5
65004,172,7
65005,172,7
65009,172,2
65010,172,1
65012,172,4
65013,172,3
65014,172,6
65015,172,9
65016,172,9
65021,172,2
65022,172,6
65023,172,1
65032,172,5
65039,11,1
65042,11,3
65043,11,2
65044,11,3
65045,11,1
65046,11,3
65078,26,1
65079,26,1
65107,51,6
65113,51,6
65114,51,7
65115,51,4
65118,51,6
65119,51,8
65122,51,11
65126,51,3
65127,51,3
65128,51,2
65129,51,10
65130,51,11
65131,51,7
65132,51,1
65133,51,3
65134,51,3
65138,51,7
65144,19,1
65149,19,1
65163,19,2
65237,17,4
65238,17,4
65240,17,2
65241,17,4
65242,17,3
65243,17,5
65244,17,3
65245,17,4
65246,17,4
65247,17,4
65267,65,3
65268,65,3
65269,65,3
65287,65,9
65288,65,9
65289,65,9
65290,65,9
65291,65,10
65292,65,10
65293,65,10
65294,65,9
65295,65,9
65296,65,9
65297,65,9
65298,65,9
65299,65,9
65300,65,9
65301,65,9
65302,65,9
65303,65,9
65304,65,9
65307,65,3
65313,65,3
65314,65,3
65315,65,3
65321,9,2
65322,9,2
65325,9,3
65326,9,2
65331,6,1
65351,5,1
65352,5,1
65390,30,1
65391,30,1
65394,30,5
65395,30,2
65396,30,5
65397,30,2
65398,30,3
65399,30,3
65400,30,4
65404,30,3
65405,30,3
65406,30,3
65407,30,3
65473,16,6
65474,16,6
65475,16,6
65476,16,6
65477,16,6
65478,16,6
65479,16,6
65480,16,6
65508,8,2
65510,8,1
65511,8,1
65535,4,1
65537,4,1
65572,25,3
65573,25,3
65574,25,2
65575,25,4
65576,25,4
65584,25,1
65585,25,1
65586,25,1
65587,25,1
65595,17,1
65597,17,1
65598,17,2
65599,17,1
65600,17,1
65601,17,3
65602,17,3
65603,17,3
65604,17,3
65617,7,1
65618,7,1
65627,21,3
65639,21,2
65640,21,2
65642,21,3
65657,6,1
65658,6,1
65659,6,1
65660,6,1
65661,6,4
65701,11,1
65702,11,1
65711,43,7
65722,43,1
65727,43,1
65731,43,6
65732,43,5
65733,43,5
65734,43,6
65735,43,6
65736,43,6
65737,43,4
65744,43,1
65746,43,1
65750,43,5
65760,7,2
65761,7,1
65762,7,1
65769,123,1
65770,123,1
65771,123,1
65781,123,3
65787,123,20
65795,123,1
65796,123,1
65798,123,3
65799,123,4
65800,123,4
65801,123,4
65802,123,4
65803,123,11
65806,123,1
65811,123,17
65822,123,1
65823,123,1
65824,123,1
65832,123,3
65833,123,3
65834,123,3
65835,123,3
65842,123,2
65843,123,2
65844,123,2
65858,123,8
65859,123,16
65865,123,6
65866,123,6
65867,123,6
65876,123,4
65877,123,9
65878,123,7
65879,123,10
65880,123,10
65881,123,9
65882,123,9
65896,315,1
65897,315,4
65898,315,1
65899,315,1
65900,315,1
65912,315,13
65916,315,9
65917,315,20
65918,315,33
65920,315,20
65926,315,8
65929,315,23
65930,315,8
65931,315,8
65932,315,5
65933,315,20
65935,315,8
65936,315,8
65939,315,8
65940,315,8
65941,315,14
65948,315,5
65952,315,23
65954,315,5
65956,315,4
65957,315,9
65958,315,11
65964,315,10
65965,315,10
65969,315,1
65970,315,21
65986,315,8
65988,315,11
65994,315,5
65997,315,5
66002,315,4
66004,315,4
66005,315,4
66009,315,9
66011,315,5
66013,315,8
66019,315,6
66020,315,6
66025,315,15
66026,315,15
66027,315,15
66028,315,15
66029,315,24
66030,315,26
66031,315,19
66032,315,19
66033,315,17
66034,315,15
66041,315,6
66049,315,1
66050,315,2
66051,315,6
66053,315,10
66054,315,10
66058,315,1
66059,315,13
66060,315,22
66061,315,12
66062,315,10
66063,315,11
66064,315,11
66066,315,4
66073,315,1
66074,315,30
66075,315,20
66076,315,20
66077,315,11
66078,315,22
66079,315,6
66080,315,10
66081,315,21
66082,315,19
66085,315,22
66086,315,9
66094,315,3
66095,315,5
66096,315,5
66097,315,12
66104,315,17
66109,315,3
66113,315,10
66114,315,11
66115,315,12
66116,315,22
66122,315,6
66123,315,6
66124,315,8
66127,315,6
66128,315,6
66137,315,6
66142,315,6
66147,315,11
66148,315,11
66149,315,6
66150,315,8
66152,315,8
66153,315,8
66155,315,7
66159,315,3
66160,315,23
66161,315,17
66162,315,15
66163,315,4
66164,315,4
66165,315,16
66167,315,16
66171,315,17
66178,315,8
66186,315,8
66187,315,7
66189,315,22
66191,315,6
66202,315,22
66214,24,2
66215,24,2
66219,24,3
66225,24,1
66267,134,2
66268,134,1
66270,134,2
66271,134,3
66272,134,2
66273,134,2
66274,134,2
66275,134,2
66280,134,3
66281,134,5
66282,134,1
66283,134,2
66284,134,6
66287,134,1
66288,134,2
66289,134,2
66291,134,1
66292,134,1
66314,134,1
66315,134,3
66318,134,3
66319,134,3
66329,134,1
66330,134,1
66331,134,3
66338,134,1
66339,134,1
66342,134,3
66353,134,2
66355,134,4
66359,134,3
66368,250,4
66371,250,1
66372,250,1
66373,250,1
66374,250,1
66375,250,1
66376,250,1
66387,250,5
66399,250,15
66400,250,15
66405,250,9
66412,250,6
66413,250,6
66414,250,1
66417,250,7
66424,250,11
66434,250,7
66435,250,7
66437,250,1
66438,250,1
66439,250,6
66442,250,2
66448,250,5
66449,250,11
66450,250,12
66451,250,9
66452,250,4
66457,250,8
66467,250,1
66468,250,1
66488,250,4
66490,250,3
66491,250,3
66507,250,6
66508,250,6
66509,250,5
66513,250,9
66525,250,4
66526,250,3
66527,250,6
66528,250,5
66531,250,2
66533,250,1
66534,250,1
66536,250,2
66543,250,8
66545,250,2
66546,250,18
66551,250,3
66552,250,3
66553,250,1
66554,250,1
66558,250,8
66565,250,2
66566,250,2
66567,250,2
66568,250,2
66576,250,10
66582,250,5
66583,250,1
66584,250,1
66585,250,2
66586,250,5
66587,250,1
66592,250,1
66593,250,1
66596,250,2
66598,250,11
66604,250,11
66607,250,3
66611,250,3
66612,250,5
66619,15,1
66625,15,1
66630,6,1
66631,6,1
66645,26,1
66646,26,1
66658,26,2
66710,12,8
66711,12,8
66712,12,8
66713,12,9
66714,12,9
66715,12,8
66716,12,8
66717,12,8
66718,12,8
66719,12,8
66720,12,8
66723,4,3
66724,4,3
66725,4,2
66726,4,2
66728,16,4
66729,16,1
66730,16,5
66731,16,7
66732,16,2
66733,16,2
66734,16,4
66735,16,3
66739,16,2
66771,33,1
66773,33,1
66775,33,3
66776,33,1
66780,33,1
66784,33,1
66814,24,1
66815,24,1
66816,24,2
66817,24,3
66818,24,2
66819,24,3
66820,24,3
66821,24,2
66822,24,2
66823,24,2
66826,24,1
66827,24,2
66828,24,2
66831,24,1
66833,24,2
66835,1,1
66836,1,1
66840,12,2
66841,12,2
66843,12,3
66846,12,1
66847,12,1
66856,10,1
66857,10,1
66858,10,1
66859,10,1
66860,10,1
66861,10,1
66881,17,1
66905,36,6
66906,36,5
66907,36,6
66908,36,6
66912,36,9
66914,36,10
66917,36,8
66918,36,1
66919,36,4
66920,36,4
66921,36,1
66925,36,2
66926,36,2
66927,36,3
66929,36,2
66930,36,2
66934,36,3
66935,36,1
66958,6,1
66959,6,1
67021,17,3
67031,2,1
67032,2,1
67035,3,1
67036,3,1
67101,31,4
67113,40,1
67115,40,2
67130,40,1
67135,40,1
67136,40,2
67143,40,1
67146,40,3
67149,40,1
67152,40,4
67158,14,1
67166,14,2
67167,14,2
67169,14,3
67181,54,2
67182,54,2
67197,54,1
67198,54,2
67199,54,2
67200,54,2
67201,54,2
67208,54,1
67209,54,1
67216,54,1
67217,54,6
67218,54,10
67219,54,5
67220,54,4
67221,54,4
67222,54,4
67223,54,5
67246,14,1
67248,14,1
67262,7,1
67264,7,1
67271,37,1
67274,37,1
67275,37,1
67276,37,1
67277,37,1
67278,37,1
67280,37,1
67281,37,1
67290,37,2
67291,37,2
67293,37,2
67294,37,2
67296,37,1
67297,37,1
67298,37,2
67300,37,2
67301,37,1
67302,37,1
67326,29,1
67327,29,1
67348,29,1
67349,29,1
67377,56,3
67380,56,5
67381,56,1
67382,56,2
67398,56,1
67399,56,1
67406,56,3
67408,56,3
67412,56,1
67413,56,1
67419,56,2
67420,56,1
67421,56,1
67422,56,2
67423,56,2
67426,3,2
67427,3,1
67428,3,1
67460,10,2
67461,10,2
67462,10,2
67463,10,2
67508,44,3
67509,44,1
67513,44,1
67514,44,1
67515,44,2
67536,44,1
67538,44,1
67541,44,2
67542,44,2
67543,44,2
67544,44,2
67545,44,2
67546,44,2
67549,10,1
67563,5,2
67564,5,2
67565,5,2
67566,5,4
67567,5,2
67570,26,1
67571,26,1
67572,26,1
67573,26,1
67574,26,2
67575,26,2
67576,26,2
67577,26,2
67582,26,3
67583,26,3
67584,26,3
67585,26,3
67589,26,1
67590,26,1
67594,26,2
67595,22,2
67596,22,1
67597,22,1
67601,22,1
67602,22,1
67606,22,1
67608,22,1
67609,22,1
67612,22,1
67613,22,1
67614,22,1
67620,56,1
67621,56,1
67622,56,1
67623,56,3
67625,56,2
67636,56,1
67637,56,3
67656,56,1
67657,56,1
67658,56,1
67659,56,1
67661,56,1
67678,33,3
67679,33,3
67680,33,3
67681,33,3
67684,33,5
67689,33,5
67738,1,1
67739,1,1
67752,18,3
67753,18,1
67754,18,1
67755,18,1
67756,18,5
67757,18,5
67758,18,2
67759,18,2
67760,18,3
67761,18,3
67777,16,2
67778,16,2
67779,16,4
67780,16,1
67781,16,1
67782,16,1
67784,16,3
67785,16,1
67786,16,3
67796,7,2
67797,7,1
67798,7,1
67799,7,1
67800,7,1
67804,14,1
67805,14,3
67807,14,3
67808,14,1
67812,14,3
67814,14,3
67815,14,4
67840,2,1
67841,2,1
67852,15,1
67854,15,1
67862,15,1
67867,15,1
67907,2,1
67960,2,1
67961,2,1
68018,15,2
68025,15,1
68026,15,3
68029,15,2
68032,9,1
68035,9,1
68042,11,2
68043,11,2
68044,11,2
68045,11,2
68063,8,1
68064,8,1
68069,1,1
68070,1,1
68095,1,1
68096,1,1
68120,8,1
68122,8,2
68124,8,1
68129,2,1
68130,2,1
68163,66,2
68165,66,2
68167,66,3
68172,66,1
68173,66,1
68174,66,1
68189,66,2
68201,66,1
68202,66,1
68203,66,5
68204,66,1
68205,66,9
68210,66,4
68211,66,4
68212,66,8
68213,66,2
68214,66,1
68215,66,1
68216,66,1
68218,66,2
68219,66,2
68222,20,5
68226,20,2
68229,20,1
68230,20,1
68233,20,1
68234,20,1
68235,20,1
68236,20,5
68237,20,8
68238,20,5
68239,20,5
68240,20,5
68253,16,1
68260,18,1
68268,18,1
68269,18,1
68272,18,1
68282,82,5
68283,82,2
68284,82,6
68285,82,6
68286,82,5
68287,82,4
68288,82,7
68289,82,8
68290,82,7
68291,82,4
68292,82,4
68293,82,4
68296,82,6
68297,82,5
68301,82,6
68307,82,3
68312,82,3
68313,82,8
68316,82,1
68317,82,1
68321,82,2
68328,82,1
68331,82,5
68332,82,5
68333,82,1
68334,82,4
68335,82,4
68338,82,2
68339,82,3
68346,82,2
68347,82,2
68348,82,6
68349,82,6
68352,82,1
68353,82,3
68354,82,1
68359,82,2
68394,10,1
68408,11,1
68410,11,1
68416,11,2
68437,4,1
68439,30,1
68449,30,1
68450,30,1
68464,30,1
68465,30,1
68466,30,1
68501,26,1
68502,26,1
68503,26,1
68504,26,1
68505,26,1
68506,26,5
68529,3,1
68546,446,1
68556,446,35
68557,446,17
68561,446,12
68562,446,12
68568,446,7
68570,446,15
68574,446,47
68575,446,35
68576,446,9
68578,446,39
68581,446,26
68582,446,26
68589,446,20
68593,446,21
68599,446,2
68600,446,2
68601,446,30
68603,446,36
68604,446,17
68607,446,4
68608,446,1
68615,446,18
68616,446,43
68619,446,18
68620,446,18
68636,446,2
68640,446,39
68641,446,1
68642,446,30
68643,446,33
68645,446,33
68649,446,17
68650,446,17
68651,446,8
68658,446,24
68659,446,1
68662,446,1
68663,446,29
68664,446,16
68665,446,16
68668,446,2
68669,446,16
68670,446,16
68673,446,30
68675,446,13
68676,446,13
68679,446,4
68683,446,7
68684,446,7
68685,446,17
68686,446,1
68687,446,8
68688,446,13
68689,446,1
68690,446,1
68691,446,1
68697,446,3
68698,446,3
68699,446,3
68702,446,13
68704,446,35
68706,446,23
68707,446,21
68708,446,10
68710,446,3
68711,446,31
68712,446,2
68726,446,3
68727,446,3
68729,446,3
68730,446,3
68733,446,1
68740,446,2
68741,446,2
68743,446,6
68749,446,1
68756,446,2
68758,446,47
68760,446,2
68761,446,8
68762,446,9
68763,446,7
68764,446,6
68768,446,6
68769,446,6
68772,446,17
68773,446,10
68775,446,1
68776,446,7
68783,446,3
68788,446,1
68789,446,6
68790,446,12
68791,446,12
68795,446,3
68798,446,10
68799,446,28
68800,446,11
68804,446,7
68806,446,4
68817,446,25
68818,446,25
68820,446,8
68823,446,42
68824,446,33
68825,446,33
68826,446,15
68829,446,3
68830,446,1
68831,446,28
68838,446,31
68841,446,9
68845,446,42
68848,446,2
68853,446,18
68854,446,4
68856,446,7
68857,446,41
68858,446,41
68862,446,1
68865,446,3
68866,446,28
68870,446,4
68884,446,25
68894,446,15
68903,446,32
68905,446,32
68919,446,32
68920,446,4
68924,446,5
68927,446,5
68932,446,20
68937,446,18
68939,446,10
68942,446,4
68947,446,5
68958,446,16
68959,446,16
68962,446,6
68963,446,1
68969,446,1
68975,446,8
68996,36,3
68997,36,1
68998,36,6
68999,36,6
69004,36,2
69005,36,1
69006,36,8
69007,36,7
69008,36,7
69009,36,7
69011,36,3
69012,36,5
69020,36,6
69022,36,5
69026,36,3
69030,36,1
69032,36,1
69036,13,2
69037,13,3
69040,13,2
69041,13,3
69056,25,1
69057,25,1
69058,25,1
69060,25,2
69067,25,1
69068,25,1
69071,25,1
69072,25,1
69075,34,2
69085,34,2
69086,34,2
69087,34,2
69088,34,2
69090,34,1
69096,34,2
69097,34,1
69099,34,3
69108,34,1
69109,36,4
69113,36,1
69114,36,1
69117,36,2
69118,36,2
69151,51,4
69164,51,3
69165,51,4
69180,51,1
69181,51,1
69188,51,1
69192,51,2
69196,51,3
69221,15,4
69224,15,1
69225,15,1
69226,15,1
69227,15,1
69231,15,2
69232,15,2
69238,15,2
69239,15,2
69240,15,2
69241,15,5
69242,15,6
69244,15,8
69250,27,4
69251,27,5
69252,27,4
69253,27,5
69254,27,5
69255,27,5
69256,27,4
69257,27,6
69259,27,1
69266,27,2
69271,27,1
69285,41,4
69286,41,3
69292,41,4
69297,41,2
69300,41,1
69302,41,3
69308,41,5
69311,41,3
69315,41,3
69319,17,3
69320,17,2
69321,17,2
69325,17,2
69327,17,3
69328,17,2
69331,17,3
69333,17,1
69340,163,5
69341,163,5
69344,163,39
69345,163,21
69347,163,4
69349,163,4
69361,163,6
69362,163,9
69363,163,3
69364,163,5
69365,163,5
69366,163,5
69367,163,29
69370,163,22
69371,163,16
69372,163,16
69373,163,16
69375,163,5
69379,163,4
69382,163,4
69383,163,4
69384,163,4
69385,163,4
69387,163,4
69388,163,4
69389,163,18
69390,163,18
69392,163,5
69394,163,1
69395,163,1
69396,163,1
69399,163,19
69400,163,17
69401,163,9
69403,163,6
69404,163,12
69405,163,12
69406,163,12
69407,163,8
69408,163,15
69409,163,16
69410,163,15
69411,163,15
69412,163,24
69413,163,25
69415,163,36
69416,163,10
69417,163,5
69419,163,2
69420,163,1
69421,163,23
69425,163,11
69428,163,18
69431,163,9
69437,163,6
69440,163,25
69441,163,15
69442,163,15
69443,163,15
69445,163,1
69446,163,19
69447,163,19
69456,163,7
69457,163,7
69468,163,17
69469,163,13
69470,163,8
69471,163,8
69472,163,8
69475,163,5
69476,163,5
69478,163,12
69479,163,12
69480,163,12
69481,163,16
69482,163,4
69483,163,16
69484,163,2
69487,163,2
69489,163,8
69494,163,9
69495,163,20
69505,16,1
69513,16,1
69563,15,2
69564,15,1
69565,15,1
69567,15,2
69593,29,1
69597,29,1
69601,42,4
69605,42,3
69606,42,8
69610,42,9
69619,42,7
69620,42,2
69621,42,2
69622,42,5
69625,42,3
69627,42,1
69628,42,1
69630,42,2
69632,42,1
69633,42,1
69637,42,5
69638,42,5
69639,42,7
69640,42,3
69641,42,3
69643,4,3
69644,4,2
69645,4,3
69646,4,3
69647,24,1
69654,24,2
69661,24,1
69678,22,1
69697,25,4
69699,25,1
69700,25,1
69701,25,4
69702,25,3
69704,25,2
69705,25,4
69706,25,2
69707,25,2
69708,25,1
69709,25,2
69710,25,2
69711,25,1
69719,25,4
69725,57,1
69726,57,3
69727,57,2
69731,57,11
69732,57,11
69738,57,1
69740,57,1
69741,57,10
69742,57,10
69743,57,10
69744,57,2
69748,57,12
69750,57,1
69751,57,1
69754,57,11
69755,57,11
69756,57,12
69757,57,13
69758,57,13
69765,57,14
69767,57,1
69768,57,3
69769,57,5
69770,57,2
69771,57,2
69772,57,2
69773,57,14
69783,16,1
69784,16,1
69785,16,4
69788,16,3
69789,16,1
69790,16,2
69811,27,1
69821,27,1
69829,27,2
69830,27,1
69831,27,1
69837,29,2
69852,29,4
69855,29,4
69857,29,1
69858,29,4
69859,29,3
69861,29,4
69868,54,5
69870,54,4
69872,54,5
69878,54,1
69879,54,1
69880,54,8
69881,54,10
69884,54,5
69885,54,5
69886,54,5
69888,54,9
69898,54,2
69899,54,2
69900,54,2
69906,54,3
69907,54,3
69913,54,6
69931,27,1
69934,27,5
69935,27,6
69936,27,2
69938,27,5
69945,27,4
69954,27,2
69955,27,6
69957,27,4
69959,31,3
69960,31,3
69961,31,2
69962,31,2
69963,31,2
69966,31,6
69967,31,5
69968,31,5
69969,31,5
69970,31,5
69971,31,5
69972,31,5
69973,31,6
69974,31,6
69975,31,6
69978,31,5
69979,31,4
69980,31,6
69981,31,4
69982,31,4
69983,31,7
69985,31,3
69986,31,3
69995,204,7
69996,204,8
69998,204,12
69999,204,22
70000,204,18
70001,204,18
70007,204,1
70011,204,2
70017,204,1
70018,204,3
70019,204,3
70022,204,6
70023,204,6
70024,204,6
70025,204,6
70026,204,6
70027,204,6
70028,204,6
70029,204,6
70030,204,22
70031,204,5
70033,204,17
70034,204,17
70035,204,24
70036,204,6
70037,204,2
70039,204,3
70040,204,4
70041,204,3
70046,204,8
70047,204,7
70048,204,3
70049,204,4
70050,204,3
70080,204,2
70081,204,2
70082,204,34
70088,204,11
70089,204,14
70090,204,35
70096,204,46
70097,204,4
70098,204,36
70099,204,21
70100,204,2
70101,204,2
70117,204,25
70118,204,1
70126,204,14
70127,204,18
70128,204,7
70129,204,8
70130,204,8
70133,204,32
70134,204,3
70140,204,21
70141,204,37
70142,204,34
70143,204,1
70144,204,14
70145,204,17
70146,204,16
70147,204,2
70148,204,16
70149,204,16
70150,204,17
70154,204,10
70155,204,1
70161,204,2
70162,204,26
70163,204,27
70168,204,11
70172,204,20
70175,204,7
70176,204,22
70181,204,23
70182,204,20
70183,204,1
70184,204,20
70187,204,1
70188,204,19
70190,204,29
70196,204,23
70197,40,1
70205,40,3
70219,40,1
70222,40,1
70230,40,1
70231,40,1
70235,40,1
70284,13,2
70285,13,1
70286,13,1
70288,16,3
70291,16,3
70293,16,1
70302,16,3
70303,16,2
70306,20,1
70311,20,2
70312,20,5
70313,20,2
70317,20,2
70319,20,1
70321,20,2
70322,20,3
70330,283,1
70334,283,2
70335,283,2
70351,283,3
70352,283,3
70353,283,3
70356,283,7
70357,283,7
70358,283,7
70359,283,6
70360,283,6
70361,283,6
70362,283,3
70363,283,7
70367,283,5
70368,283,3
70390,283,1
70391,283,1
70392,283,1
70393,283,1
70395,283,1
70397,283,2
70398,283,2
70399,283,4
70400,283,4
70401,283,6
70402,283,4
70403,283,2
70404,283,5
70407,283,1
70408,283,1
70419,283,8
70421,283,5
70422,283,5
70423,283,10
70424,283,10
70425,283,10
70427,283,4
70428,283,4
70456,283,1
70457,283,1
70458,283,6
70459,283,6
70480,283,2
70484,283,4
70485,283,2
70488,283,3
70490,283,2
70491,283,2
70499,283,5
70502,283,1
70505,283,1
70506,283,1
70508,283,14
70516,283,2
70520,283,1
70521,283,1
70522,283,2
70523,283,2
70524,283,2
70525,283,18
70526,283,3
70527,283,1
70532,283,3
70538,283,1
70539,283,1
70540,283,3
70555,283,7
70557,283,12
70564,283,9
70565,283,1
70566,283,6
70567,283,1
70569,283,2
70571,283,1
70572,283,3
70578,283,1
70580,283,3
70581,283,3
70582,283,3
70583,283,3
70584,283,10
70588,283,1
70589,283,1
70596,283,6
70597,283,5
70598,283,2
70599,283,2
70602,283,5
70606,283,2
70607,283,7
70621,15,1
70622,15,1
70630,70,1
70631,70,1
70635,70,1
70637,70,1
70640,70,1
70641,70,1
70653,70,1
70654,70,1
70664,70,1
70665,70,3
70666,70,3
70667,70,5
70671,70,2
70673,70,1
70674,70,1
70675,70,7
70676,70,1
70678,70,2
70680,70,1
70681,70,1
70683,70,8
70688,70,2
70689,70,3
70691,70,4
70692,70,5
70694,70,3
70698,2,1
70699,2,1
70701,239,7
70702,239,7
70704,239,5
70705,239,3
70707,239,1
70708,239,3
70711,239,5
70714,239,2
70715,239,6
70716,239,1
70717,239,2
70718,239,2
70722,239,3
70723,239,2
70724,239,11
70725,239,4
70728,239,5
70729,239,4
70730,239,4
70731,239,9
70732,239,9
70733,239,11
70734,239,17
70735,239,10
70736,239,10
70737,239,7
70738,239,10
70739,239,2
70748,239,1
70752,239,1
70753,239,2
70754,239,2
70755,239,2
70757,239,2
70758,239,3
70759,239,2
70760,239,2
70762,239,8
70764,239,3
70765,239,2
70770,239,3
70773,239,5
70774,239,7
70776,239,2
70777,239,2
70779,239,13
70780,239,17
70781,239,4
70782,239,4
70783,239,5
70785,239,2
70786,239,2
70787,239,6
70788,239,10
70789,239,25
70790,239,5
70791,239,5
70792,239,6
70800,239,5
70801,239,14
70802,239,2
70803,239,8
70804,239,14
70805,239,14
70809,239,6
70811,239,3
70815,239,23
70816,239,10
70817,239,10
70818,239,4
70820,239,1
70821,239,2
70822,239,6
70823,239,5
70824,239,3
70825,239,6
70826,239,6
70827,239,4
70828,239,4
70829,239,7
70830,239,9
70831,239,3
70832,239,19
70833,239,3
70834,239,3
70835,239,3
70836,239,3
70842,239,15
70848,239,1
70849,239,1
70853,239,14
70854,239,4
70857,239,3
70858,239,3
70862,239,1
70864,239,1
70866,239,5
70867,239,3
70868,239,7
70872,239,6
70882,239,1
70884,239,4
70885,239,2
70886,239,2
70887,239,9
70890,239,1
70891,239,4
70892,239,4
70896,239,1
70898,239,11
70901,239,3
70905,239,1
70907,239,1
70912,239,1
70913,239,1
70914,239,1
70916,239,3
70920,239,3
70928,239,5
70930,239,8
70931,239,7
70932,239,5
70933,239,5
70934,239,4
70935,239,4
70948,16,1
70949,16,3
70950,16,1
70951,16,2
70952,16,2
70974,23,2
70975,23,2
70976,23,2
70985,16,4
70989,16,2
70992,16,1
70995,16,1
70996,16,1
71005,32,3
71009,32,1
71019,32,2
71020,32,2
71033,32,1
71051,54,1
71054,54,5
71055,54,4
71056,54,4
71057,54,5
71058,54,5
71059,54,5
71060,54,4
71061,54,5
71062,54,7
71063,54,6
71064,54,4
71065,54,4
71066,54,4
71068,54,2
71069,54,2
71070,54,2
71071,54,7
71089,54,2
71092,54,6
71093,29,1
71096,29,2
71097,29,2
71103,29,5
71105,29,5
71112,29,2
71113,29,1
71119,29,2
71146,51,3
71147,51,3
71149,51,5
71152,51,1
71153,51,1
71155,51,2
71160,51,1
71165,51,3
71166,51,3
71194,8,5
71195,8,6
71196,8,4
71197,8,5
71198,8,4
71199,8,5
71200,8,5
71209,12,4
71210,12,4
71211,12,4
71215,12,4
71216,12,4
71219,12,4
71244,60,2
71245,60,2
71246,60,2
71247,60,3
71248,60,3
71249,60,1
71250,60,5
71251,60,5
71252,60,3
71253,60,4
71254,60,4
71255,60,4
71256,60,4
71257,60,4
71258,60,4
71259,60,2
71260,60,2
71261,60,1
71263,60,2
71264,60,3
71267,60,1
71270,60,1
71273,60,3
71275,60,3
71277,60,3
71279,60,3
71281,60,3
71282,60,3
71283,60,3
71284,60,3
71290,5,5
71291,5,5
71292,5,4
71293,5,4
71294,5,4
71295,5,4
71298,61,1
71300,61,1
71311,61,5
71312,61,5
71314,61,5
71329,61,5
71330,61,5
71338,61,5
71342,61,2
71352,61,1
71353,61,1
71366,29,2
71367,29,2
71368,29,2
71369,29,2
71370,29,2
71372,29,6
71375,29,1
71384,29,1
71393,60,7
71394,60,7
71404,60,7
71414,60,4
71426,60,3
71427,60,3
71428,60,3
71429,60,4
71430,60,3
71431,60,3
71433,60,1
71435,60,1
71438,60,3
71440,60,9
71441,60,3
71442,60,7
71443,60,7
71449,60,6
71450,60,7
71464,9,1
71465,9,1
71469,8,1
71470,8,1
71510,10,1
71511,10,1
71535,21,2
71546,21,2
71549,21,1
71550,21,1
71551,21,2
71565,24,2
71566,24,2
71570,24,2
71571,24,2
71572,24,2
71577,24,3
71578,24,3
71580,24,2
71581,24,2
71584,108,9
71585,108,9
71586,108,11
71598,108,10
71605,108,4
71606,108,4
71607,108,2
71614,108,6
71616,108,6
71617,108,6
71618,108,1
71619,108,1
71620,108,3
71622,108,11
71623,108,2
71624,108,2
71629,108,8
71630,108,10
71638,108,10
71639,108,12
71640,108,2
71641,108,2
71645,108,1
71659,108,6
71662,108,2
71663,108,2
71677,108,5
71678,108,5
71679,108,4
71709,14,1
71735,19,1
71736,19,3
71740,19,2
71744,19,2
71773,10,1
71775,10,1
71776,10,1
71778,10,1
71780,10,1
71797,132,13
71800,132,8
71801,132,5
71802,132,2
71803,132,14
71804,132,14
71810,132,9
71813,132,14
71814,132,5
71815,132,15
71817,132,1
71826,132,1
71828,132,1
71835,132,4
71838,132,5
71839,132,5
71844,132,1
71845,132,2
71850,132,2
71853,132,1
71857,132,3
71858,132,3
71859,132,5
71863,132,6
71867,132,4
71870,132,7
71879,132,1
71881,132,1
71885,132,1
71886,132,1
71890,132,10
71892,132,5
71893,132,4
71894,132,4
71902,132,2
71904,132,3
71911,132,7
71917,132,8
71919,132,9
71924,132,10
71925,132,6
71962,405,1
71963,405,1
71964,405,1
71969,405,2
71970,405,1
71971,405,1
71973,405,12
71974,405,13
71975,405,37
71976,405,4
71977,405,4
71978,405,4
71984,405,8
71987,405,23
71988,405,19
71996,405,1
72001,405,1
72004,405,35
72005,405,43
72007,405,16
72008,405,8
72010,405,10
72011,405,10
72013,405,8
72014,405,8
72016,405,30
72017,405,1
72018,405,1
72024,405,5
72028,405,50
72033,405,7
72035,405,47
72043,405,14
72051,405,1
72058,405,1
72059,405,48
72060,405,37
72061,405,37
72062,405,37
72063,405,37
72065,405,36
72066,405,32
72067,405,1
72075,405,36
72076,405,37
72077,405,1
72078,405,3
72079,405,21
72080,405,21
72086,405,3
72089,405,3
72091,405,2
72092,405,2
72093,405,2
72094,405,2
72104,405,3
72115,405,33
72116,405,33
72127,405,3
72128,405,3
72129,405,5
72133,405,26
72135,405,41
72136,405,57
72137,405,21
72138,405,23
72139,405,39
72143,405,5
72144,405,2
72145,405,2
72146,405,14
72151,405,7
72156,405,17
72157,405,17
72164,405,29
72168,405,11
72169,405,2
72174,405,2
72175,405,2
72177,405,21
72178,405,21
72184,405,25
72186,405,29
72187,405,29
72188,405,17
72189,405,1
72194,405,3
72195,405,20
72197,405,40
72202,405,1
72204,405,24
72205,405,11
72211,405,28
72216,405,6
72217,405,6
72218,405,6
72219,405,6
72220,405,7
72221,405,7
72222,405,57
72223,405,19
72224,405,8
72225,405,54
72226,405,61
72227,405,8
72228,405,8
72229,405,4
72231,405,8
72232,405,1
72233,405,1
72235,405,3
72236,405,25
72237,405,1
72248,405,13
72257,405,2
72258,405,2
72259,405,7
72260,405,7
72267,405,27
72268,405,9
72279,405,16
72288,405,46
72290,405,13
72291,405,14
72292,405,14
72299,405,10
72300,405,10
72301,405,6
72302,405,6
72313,405,1
72316,405,1
72317,405,1
72318,405,1
72325,405,23
72326,405,33
72327,405,3
72328,405,3
72329,405,42
72331,405,1
72341,405,7
72342,405,7
72343,405,18
72344,405,7
72345,405,12
72346,405,11
72347,405,19
72348,405,8
72349,405,13
72350,405,11
72351,405,20
72352,405,14
72353,405,9
72354,405,7
72355,405,7
72356,405,26
72371,44,3
72377,44,1
72378,44,1
72381,44,4
72384,44,3
72385,44,3
72390,44,3
72400,44,2
72413,17,1
72418,17,2
72421,17,1
72422,323,19
72423,323,28
72424,323,4
72425,323,1
72426,323,4
72427,323,4
72429,323,1
72431,323,2
72435,323,1
72436,323,1
72437,323,1
72441,323,2
72442,323,1
72443,323,3
72450,323,22
72451,323,22
72452,323,22
72456,323,3
72458,323,5
72459,323,5
72460,323,2
72464,323,26
72466,323,19
72467,323,28
72468,323,24
72471,323,11
72476,323,15
72477,323,17
72478,323,1
72481,323,6
72482,323,6
72484,323,3
72488,323,14
72490,323,5
72492,323,8
72493,323,6
72497,323,14
72498,323,14
72499,323,16
72500,323,1
72504,323,6
72505,323,4
72506,323,4
72507,323,4
72508,323,8
72509,323,7
72510,323,7
72511,323,7
72513,323,14
72521,323,2
72525,323,25
72526,323,30
72528,323,14
72529,323,11
72530,323,13
72531,323,2
72532,323,2
72534,323,6
72535,323,2
72538,323,2
72539,323,2
72541,323,16
72542,323,13
72545,323,5
72546,323,4
72547,323,16
72548,323,13
72555,323,6
72556,323,6
72557,323,6
72558,323,6
72559,323,8
72560,323,8
72568,323,6
72569,323,6
72570,323,6
72571,323,6
72572,323,6
72573,323,6
72578,323,1
72580,323,1
72584,323,2
72585,323,28
72586,323,29
72601,323,37
72602,323,39
72606,323,26
72607,323,85
72608,323,37
72609,323,29
72610,323,13
72611,323,84
72612,323,70
72614,323,28
72616,323,2
72617,323,2
72618,323,5
72619,323,22
72620,323,51
72625,323,40
72626,323,34
72627,323,39
72630,323,6
72632,323,9
72633,323,33
72634,323,36
72636,323,1
72637,323,1
72638,323,1
72643,323,3
72644,323,6
72647,323,18
72648,323,18
72649,323,18
72650,323,44
72651,323,48
72654,323,42
72655,323,42
72656,323,8
72661,323,16
72662,323,15
72667,323,21
72668,323,12
72669,323,26
72670,323,24
72671,323,24
72675,323,1
72678,323,42
72684,323,22
72685,323,44
72687,323,50
72688,323,24
72689,323,24
72690,323,24
72691,323,22
72692,323,12
72693,323,12
72694,323,21
72695,323,21
72696,323,11
72697,323,9
72698,323,9
72699,323,1
72702,323,2
72703,323,2
72705,323,17
72706,323,17
72707,323,24
72708,323,9
72709,323,5
72710,323,5
72712,323,8
72716,323,10
72717,323,17
72721,323,4
72724,323,28
72726,323,36
72727,323,34
72730,323,28
72731,323,28
72735,323,9
72736,323,9
72737,323,23
72738,323,22
72740,323,17
72741,323,4
72751,206,1
72752,206,1
72757,206,7
72760,206,13
72762,206,7
72766,206,15
72767,206,20
72768,206,13
72769,206,1
72770,206,2
72775,206,16
72776,206,15
72777,206,15
72778,206,15
72779,206,1
72780,206,17
72781,206,10
72782,206,10
72789,206,2
72790,206,8
72791,206,8
72792,206,8
72793,206,8
72794,206,5
72795,206,3
72803,206,21
72804,206,9
72808,206,17
72811,206,20
72812,206,20
72813,206,27
72815,206,3
72816,206,23
72823,206,2
72824,206,23
72825,206,29
72827,206,12
72828,206,11
72829,206,22
72838,206,2
72848,206,2
72849,206,2
72850,206,2
72859,206,1
72862,206,1
72863,206,4
72868,206,24
72873,206,10
72874,206,14
72875,206,4
72876,206,1
72878,206,5
72879,206,5
72880,206,12
72882,206,1
72884,206,1
72897,206,36
72898,206,40
72901,206,14
72904,206,1
72912,206,12
72913,206,12
72914,206,12
72918,206,2
72919,206,2
72925,206,2
72926,206,2
72927,206,2
72934,206,2
72939,206,9
72940,206,13
72941,206,4
72943,206,15
72946,206,1
72950,206,16
72962,29,3
72965,29,2
72968,29,1
72969,29,1
72981,29,1
72984,4,1
72985,4,1
72997,13,1
72998,13,1
73008,139,13
73009,139,13
73013,139,7
73014,139,4
73019,139,1
73020,139,1
73021,139,1
73022,139,1
73023,139,1
73026,139,1
73027,139,1
73029,139,2
73044,139,1
73045,139,1
73048,139,1
73060,139,5
73061,139,10
73064,139,3
73065,139,20
73067,139,10
73068,139,6
73071,139,8
73083,139,8
73084,139,10
73092,139,5
73093,139,5
73094,139,5
73095,139,5
73096,139,10
73098,139,2
73100,139,8
73102,139,14
73105,139,1
73106,139,1
73113,139,3
73114,139,2
73115,139,3
73116,139,3
73117,139,1
73119,139,1
73128,139,14
73129,139,12
73137,139,11
73155,22,1
73164,22,1
73195,76,1
73196,76,1
73198,76,10
73200,76,6
73201,76,6
73202,76,2
73203,76,1
73210,76,5
73216,76,1
73217,76,5
73218,76,4
73219,76,4
73220,76,4
73250,76,3
73251,76,2
73259,76,2
73262,76,2
73263,76,1
73264,76,1
73265,76,7
73266,76,6
73267,76,6
73268,76,2
73269,76,1
73270,76,2
73271,76,9
73296,35,4
73297,35,3
73298,35,2
73299,35,2
73305,35,3
73307,35,5
73308,20,1
73309,20,1
73310,20,1
73311,20,1
73312,20,2
73314,20,1
73319,20,4
73320,20,1
73321,20,2
73333,6,1
73334,6,1
73340,8,1
73343,8,1
