"change_id","ccfinder","cloneworks","conqat","deckard","duplo","iclones","nicad5","simcad","simian"
"38726",,"38727",,"38727",,,"38727",,
"38727",,"38726",,"38726",,,"38726",,
"38767",,"38768",,,,,"38768",,
"38768",,"38767",,,,,"38767",,
"38779",,,,"38786, 38787, 38788",,,,,
"38780",,,,"38786, 38787, 38788",,,,,
"38781",,,,"38786, 38787, 38788",,,,,
"38782",,,,"38786, 38787, 38788",,,,,
"38786",,,,"38779, 38780, 38781, 38782",,,,,
"38787",,,,"38779, 38780, 38781, 38782",,,,,
"38788",,,,"38779, 38780, 38781, 38782",,,,,
"38794",,,,"38798, 38799, 38813, 38831, 38832, 38833, 38834, 38836, 38837, 38838, 38839, 38840",,,,,
"38795",,,,"38798, 38799, 38813, 38831, 38832, 38833, 38834, 38836, 38837, 38838, 38839, 38840",,,,,
"38796",,,,"38798, 38799, 38813, 38831, 38832, 38833, 38834, 38836, 38837, 38838, 38839, 38840",,,,,
"38797",,,,"38798, 38799, 38813, 38831, 38832, 38833, 38834, 38836, 38837, 38838, 38839, 38840",,,,,
"38798",,,,"38813, 38831, 38832, 38833, 38834, 38836, 38837, 38838, 38839, 38840",,,,,
"38799",,,,"38794, 38795, 38796, 38797, 38798, 38813, 38831, 38832, 38833, 38834, 38836, 38837, 38838, 38839, 38840",,,,,
"38810","38811, 38812, 38813",,,,,,,,
"38813","38810, 38811, 38812",,,"38794, 38795, 38796, 38797, 38798, 38799, 38814, 38831, 38832, 38833, 38834, 38835, 38836, 38837, 38838, 38839, 38840",,,,,
"38814",,"38831, 38832",,"38813, 38833, 38834, 38835",,,,,
"38815",,"38831, 38832",,"38833, 38834",,,,,
"38816",,"38831, 38832, 38837, 38838",,"38830, 38831, 38832",,,"38837, 38838",,
"38820",,,,"38817, 38818, 38819",,,,,
"38823",,,,"38825, 38826, 38827, 38828",,,,,
"38824",,,,"38825, 38826, 38827, 38828",,,,,
"38825",,"38832",,,,,,,
"38826",,"38832",,"38823, 38824, 38825",,,,,
"38827",,,,"38823, 38824, 38825",,,,,
"38828",,,,"38823, 38824, 38825",,,,,
"38830",,,,"38816, 38841, 38842, 38843, 38844",,,,,
"38831",,"38814, 38815, 38816",,"38794, 38795, 38796, 38797, 38798, 38799, 38813, 38816, 38836, 38837, 38838, 38839, 38840, 38841, 38842, 38843, 38844",,,,,
"38832",,"38814, 38815, 38816, 38825, 38826",,"38794, 38795, 38796, 38797, 38798, 38799, 38813, 38816, 38836, 38837, 38838, 38839, 38840, 38841, 38842, 38843, 38844",,,,,
"38833",,,,"38794, 38795, 38796, 38797, 38798, 38799, 38813, 38814, 38815, 38834, 38835, 38836, 38837, 38838, 38839, 38840",,,,,
"38834",,,,"38794, 38795, 38796, 38797, 38798, 38799, 38813, 38814, 38815, 38836, 38837, 38838, 38839, 38840, 38841",,,,,
"38835",,,,"38813, 38814, 38833, 38834, 38838, 38839, 38840, 38841",,,,,
"38836",,,,"38794, 38795, 38796, 38797, 38798, 38799, 38813, 38831, 38832, 38833, 38834, 38838, 38839, 38840, 38841",,,,,
"38837",,"38816",,"38794, 38795, 38796, 38797, 38798, 38799, 38813, 38831, 38832, 38833, 38834, 38838, 38839, 38840, 38841",,,"38816",,
"38838",,"38816",,"38794, 38795, 38796, 38797, 38798, 38799, 38813, 38831, 38832, 38833, 38834",,,"38816",,
"38839",,,,"38794, 38795, 38796, 38797, 38798, 38799, 38813, 38831, 38832, 38833, 38834, 38835, 38836, 38837, 38838",,,,,
"38840",,"38846, 38847",,"38794, 38795, 38796, 38797, 38798, 38799, 38813, 38831, 38832, 38833, 38834, 38835, 38836, 38837, 38838",,,,,
"38841",,,,"38830, 38831, 38832, 38834, 38835, 38836, 38837, 38838",,,,,
"38842",,,,"38830, 38831, 38832",,,,,
"38843",,,,"38830, 38831, 38832",,,,,
"38844",,"38846, 38847, 38848, 38849, 38850, 38851",,"38830, 38831, 38832",,,"38846, 38847, 38848, 38849, 38850, 38851",,
"38845",,"38846, 38847, 38848, 38849, 38850, 38851",,,,,"38846, 38847, 38848, 38849, 38850, 38851",,
"38846",,"38840, 38844, 38845, 38848, 38849, 38850, 38851",,,,,"38844, 38845, 38848, 38849, 38850, 38851",,
"38847",,"38840, 38844, 38845, 38848, 38849, 38850, 38851",,,,,"38844, 38845, 38848, 38849, 38850, 38851",,
"38848",,"38844, 38845, 38846, 38847, 38850, 38851",,,,,"38844, 38845, 38846, 38847, 38850, 38851",,
"38849",,"38844, 38845, 38846, 38847, 38850, 38851",,,,,"38844, 38845, 38846, 38847, 38850, 38851",,
"38850",,"38844, 38845, 38846, 38847, 38848, 38849",,,,,"38844, 38845, 38846, 38847, 38848, 38849",,
"38851",,"38844, 38845, 38846, 38847, 38848, 38849",,,,,"38844, 38845, 38846, 38847, 38848, 38849",,
"38876",,,,"38881, 38882, 38883, 38884, 38885",,,,,
"38877",,"38883",,"38881, 38882, 38883, 38884, 38885",,,,,
"38881",,,,"38876, 38877, 38883, 38884, 38885",,,,,
"38882",,,,"38876, 38877, 38883, 38884, 38885",,,,,
"38883",,"38877",,"38876, 38877",,,,,
"38884",,,,"38876, 38877, 38881, 38882, 38883",,,,,
"38885",,,,"38876, 38877, 38881, 38882, 38883",,,,,
"38890",,"38894, 38895",,"38891, 38892, 38893, 38894, 38895",,,,,
"38891",,"38894, 38895",,"38893, 38894, 38895",,,,,
"38892",,,,"38890, 38891",,,,,
"38893",,,,"38890, 38891, 38894, 38895",,,,,
"38894",,"38890, 38891",,"38890, 38891, 38893",,,,,
"38895",,"38890, 38891",,"38890, 38891, 38893",,,,,
"38951",,,,,,,,,"38954, 38955"
"38953","38955",,,,,,,,
"38954","38955",,,,,,,,"38951, 38955"
"38955","38953, 38954",,,,,,,,"38951, 38954"
"38987",,"38988",,,,,"38988",,
"38988",,"38987",,,,,"38987",,
"38997",,"38998",,,,,"38998","39009",
"38998",,"38997",,,,,"38997",,
"39001",,"39008",,,,,"39008",,
"39002",,"39008",,,,,"39008",,
"39005",,"39011",,,,,,,
"39006",,"39011",,,,,,,
"39008",,"39001, 39002",,,,,"39001, 39002",,
"39009",,,,,,,,"38997",
"39011",,"39005, 39006",,,,,,,
"39024",,"39025",,,,,"39025",,
"39025",,"39024",,,,,"39024",,
"39026",,"39028, 39038, 39051, 39052, 39059, 39060, 39062, 39064",,,,,,,
"39027",,"39064",,,,,,,
"39028",,"39026, 39038, 39051, 39052, 39059, 39060, 39062",,,,,,,
"39029","39030, 39031",,,,,,,,
"39031","39029, 39030",,,,,,,,
"39033",,"39049",,,,,"39049",,
"39037",,"39040, 39041, 39042, 39043",,,,,"39040, 39041, 39042, 39043, 39051, 39052",,
"39038",,"39026, 39028, 39040, 39041, 39042, 39043, 39051, 39052, 39059, 39060, 39062, 39064",,,,,"39040, 39041, 39042, 39043, 39051, 39052",,
"39039",,"39040, 39041, 39042, 39043",,,,,"39040, 39041, 39042, 39043, 39051, 39052",,
"39040",,"39037, 39038, 39039, 39051, 39052",,,,,"39037, 39038, 39039, 39051, 39052",,
"39041",,"39037, 39038, 39039, 39046, 39047, 39051, 39052",,,,,"39037, 39038, 39039, 39046, 39047, 39051, 39052",,
"39042",,"39037, 39038, 39039, 39046, 39047, 39051, 39052",,,,,"39037, 39038, 39039, 39046, 39047, 39051, 39052",,
"39043",,"39037, 39038, 39039, 39046, 39047, 39051, 39052",,,,,"39037, 39038, 39039, 39046, 39047, 39051, 39052",,
"39044",,"39054, 39055, 39056, 39057",,,,,"39054, 39055, 39056, 39057","39054, 39055, 39056, 39057",
"39046",,"39041, 39042, 39043, 39051, 39052, 39064",,,,,"39041, 39042, 39043, 39051, 39052",,
"39047",,"39041, 39042, 39043, 39051, 39052, 39064",,,,,"39041, 39042, 39043, 39051, 39052",,
"39049",,"39033",,,,,"39033",,
"39051",,"39026, 39028, 39038, 39040, 39041, 39042, 39043, 39046, 39047, 39059, 39060, 39062",,,,,"39037, 39038, 39039, 39040, 39041, 39042, 39043, 39046, 39047",,
"39052",,"39026, 39028, 39038, 39040, 39041, 39042, 39043, 39046, 39047, 39059, 39060, 39062",,,,,"39037, 39038, 39039, 39040, 39041, 39042, 39043, 39046, 39047",,
"39053",,,,,,,,"39051, 39052",
"39054",,"39044, 39058, 39059, 39060, 39061",,,,,"39044","39044",
"39055",,"39044, 39058, 39059, 39060, 39061",,,,,"39044","39044",
"39056",,"39044, 39058, 39059, 39060, 39061",,,,,"39044","39044, 39061",
"39057",,"39044, 39058, 39059, 39060, 39061",,,,,"39044","39044, 39061",
"39058",,"39054, 39055, 39056, 39057",,,,,,,
"39059",,"39026, 39028, 39038, 39051, 39052, 39054, 39055, 39056, 39057, 39062",,,,,,,
"39060",,"39026, 39028, 39038, 39051, 39052, 39054, 39055, 39056, 39057, 39062",,,,,,,
"39061",,"39054, 39055, 39056, 39057",,,,,,"39056, 39057",
"39062",,"39026, 39028, 39038, 39051, 39052, 39059, 39060",,,,,,,
"39064",,"39026, 39027, 39038, 39046, 39047",,,,,,,
"39065","39068, 39069, 39070, 39071","39068, 39069, 39070",,"39066, 39067, 39068, 39069, 39071",,,"39068, 39069, 39070","39068, 39069, 39070",
"39066","39068, 39069, 39070, 39071","39067, 39068, 39069, 39070","39069, 39070","39065, 39068, 39069, 39071",,"39069, 39070, 39071","39068, 39069, 39070","39068, 39069, 39070",
"39067","39068, 39069, 39070, 39071","39066, 39068, 39069, 39070","39069, 39070","39065, 39068, 39069",,"39069, 39070, 39071","39068, 39069, 39070","39068, 39069, 39070",
"39068",,"39065, 39066, 39067",,"39065, 39066, 39067",,"39069, 39070, 39071","39065, 39066, 39067","39065, 39066, 39067",
"39069","39065, 39066, 39067, 39068","39065, 39066, 39067, 39070","39066, 39067","39065, 39066, 39067",,"39066, 39067, 39068","39065, 39066, 39067","39065, 39066, 39067",
"39070","39065, 39066, 39067, 39068","39065, 39066, 39067, 39069","39066, 39067",,,"39066, 39067, 39068","39065, 39066, 39067","39065, 39066, 39067",
"39071","39065, 39066, 39067, 39068, 39072","39072",,"39065, 39066",,"39066, 39067, 39068","39072","39072",
"39072",,"39071",,,,,"39071","39071",
"39073",,"39075",,"39075",,,"39075","39075",
"39075",,"39073",,"39073",,,"39073","39073",
"39098",,"39099, 39100",,,,,"39099, 39100",,
"39099",,"39098",,,,,"39098",,
"39100",,"39098",,,,,"39098",,
"39225",,,,,,,,"39230, 39231",
"39226",,,,,,,,"39230, 39231",
"39230",,,,,,,,"39225, 39226",
"39231",,,,,,,,"39225, 39226",
"39257",,,,"39258, 39259, 39260",,,,,
"39260",,,,"39257, 39258, 39259",,,,,
"39265",,,,"39267, 39268, 39269, 39270, 39271, 39272, 39273, 39274, 39275",,,,,
"39266",,,,"39267, 39268, 39269, 39270, 39271, 39272, 39273, 39274, 39275",,,,,
"39267",,,,"39272, 39273, 39274, 39275",,,,,
"39268",,,,"39272, 39273, 39274, 39275",,,,,
"39269",,,,"39272, 39273, 39274, 39275",,,,,
"39270",,,,"39265, 39266, 39267, 39268, 39269, 39272, 39273, 39274, 39275",,,,,
"39271",,,,"39265, 39266, 39267, 39268, 39269, 39272, 39273, 39274, 39275",,,,,
"39272",,,,"39265, 39266, 39267, 39268, 39269, 39270, 39271",,,,,
"39273",,,,"39265, 39266, 39267, 39268, 39269, 39270, 39271",,,,,
"39274",,,,"39265, 39266, 39267, 39268, 39269, 39270, 39271",,,,,
"39275",,,,"39265, 39266, 39267, 39268, 39269, 39270, 39271, 39276",,,,,
"39308",,,,,,,,,"39309"
"39309",,,,,,,,,"39308"
"39316",,,,"39315",,,,,
"39342",,,,,,,,,"39344"
"39344",,,,,,,,,"39342"
"39396",,,,"39397",,,,,
"39399",,"39398",,,,,,,
"39404",,,"39405",,,,,,"39405"
"39405",,,"39404",,,,,,"39404"
"39414","39416, 39417, 39418","39415, 39416, 39417, 39418","39416, 39417, 39418",,,"39416, 39417, 39418","39416, 39417, 39418",,"39416, 39417, 39418"
"39415","39416, 39417, 39418","39416, 39417, 39418","39416, 39417, 39418","39414, 39417, 39418",,"39416, 39417, 39418","39416, 39417, 39418",,"39416, 39417, 39418"
"39416",,"39415, 39417",,"39417, 39418",,,,,
"39417","39414, 39415, 39416","39414, 39415, 39416, 39418","39414, 39415, 39416","39415, 39416",,"39414, 39415, 39416","39414, 39415, 39416",,"39414, 39415, 39416"
"39418","39414, 39415, 39416","39414, 39415, 39416, 39417","39414, 39415, 39416","39415, 39416",,"39414, 39415, 39416","39414, 39415, 39416",,"39414, 39415, 39416"
"39580",,"39581",,,,,"39581",,
"39581",,"39580",,,,,"39580",,
"39589",,,"39590",,,,,,"39590"
"39590",,,"39589",,,,,,"39589"
"39639",,,,,,,,"39640",
"39671",,"39682, 39694",,,,,"39682",,"39682"
"39672",,"39676",,,,,"39676","39676",
"39673",,"39674",,,,,"39674","39674",
"39674",,"39673",,,,,"39673","39673",
"39676",,"39672",,,,,"39672","39672",
"39682",,"39671",,,,,"39671",,"39671"
"39693","39694",,,,,,,,
"39694","39693","39671",,,,,,,
"39707",,"39709, 39711, 39712, 39713, 39714",,,,,,,
"39708",,,,"39709",,,,,
"39709",,"39707, 39711, 39712, 39713, 39714",,,,,,,
"39711","39712, 39713","39707, 39709, 39712, 39713, 39714",,,,,,,
"39712",,"39707, 39709, 39711, 39713, 39714",,,,,,,
"39713","39711, 39712","39707, 39709, 39711, 39712, 39714",,,,,,,
"39714",,"39707, 39709, 39711, 39712, 39713",,,,,,,
"39740",,,"39742, 39743","39741, 39742, 39743",,,,,
"39741",,,,"39740",,,,,
"39742",,,"39740","39740",,,,,
"39743",,,"39740","39740",,,,,
"39771",,"39775",,,,,"39775","39775",
"39772","39773","39773",,,,,"39773",,
"39773","39772","39772",,,,,"39772",,
"39775",,"39771",,,,,"39771","39771",
"39799",,"39800, 39801",,,,,,,
"39800",,"39799, 39801",,,,,,,
"39801","39799, 39800, 39802","39799, 39800",,,,,,,
"39802","39801",,,,,,,,
"39822",,"39823",,,,,"39823",,
"39823",,"39822",,,,,"39822",,
"39849",,,"39851",,,"39851",,,"39851"
"39850",,,"39851",,,"39851",,,"39851"
"39851",,,"39849, 39850",,,"39849, 39850",,,"39849, 39850"
"39868",,"39874",,,,,"39874",,
"39869","39874","39874",,"39874",,"39874","39874",,
"39870","39874","39872, 39873, 39874",,"39874",,"39874","39872, 39873, 39874",,
"39871",,"39872, 39873",,,,,"39872, 39873",,
"39872",,"39870, 39871",,,,,"39870, 39871",,
"39873",,"39870, 39871",,,,,"39870, 39871",,
"39874","39869, 39870","39868, 39869, 39870",,"39869, 39870, 39875, 39876",,"39869, 39870","39868, 39869, 39870",,
"39876",,,,"39874, 39875",,,,,
"39890","39894",,,,,,,,"39894"
"39894","39890",,,,,,,,"39890"
"39921",,,"39925, 39926, 39927, 39929","39926, 39927, 39929, 39930",,,,,
"39925",,,"39921, 39926, 39929",,,,,,
"39926",,,"39921, 39925, 39929","39921, 39929, 39930",,,,,
"39927",,,"39921, 39929","39921, 39929, 39930",,,,,
"39929",,,"39921, 39925, 39926, 39927","39921, 39926, 39927, 39930",,,,,
"39930",,,,"39921, 39926, 39927, 39929",,,,,
"39931",,,,"39933, 39934, 39935, 39936",,,,,
"39932",,,,"39933, 39934, 39935, 39936",,,,,
"39935",,,,"39931, 39932, 39933, 39934",,,,,
"39936",,,,"39931, 39932, 39933, 39934",,,,,
"39975",,,"39977",,,,,,
"39977",,,"39975",,,,,,
"40056",,,"40057, 40059",,,,,,
"40057",,,"40056, 40059",,,,,,
"40059",,,"40056, 40057",,,,,,
"40104",,,,,,,,,"40107, 40108"
"40107",,,,,,,,,"40104"
"40108",,,,,,,,,"40104"
"40224","40226",,"40226",,,,,,
"40226","40224",,"40224",,,,,,
"40274",,,,"40275, 40276",,,,,
"40276",,,,"40274, 40275",,,,,
"40287",,"40296",,,,,"40296",,
"40296",,"40287",,,,,"40287",,
"40310",,,,,,"40312",,,
"40312",,,,,,"40310",,,
"40327",,,,,,"40332",,,"40332"
"40332",,,,,,"40327",,,"40327"
"40406",,,"40412",,,,,,"40412"
"40407",,,"40411",,,,,,
"40408",,,"40410",,,,,,
"40410",,,"40408",,,,,,
"40411",,,"40407",,,,,,
"40412",,,"40406",,,,,,"40406"
"40422","40423",,,,,,,,
"40424",,"40445, 40446",,,,,"40445, 40446","40427, 40428, 40429, 40430, 40445, 40446",
"40427","40428, 40429, 40430","40428, 40430",,,,,"40428, 40430","40424, 40428, 40429, 40430",
"40428","40427, 40429, 40430","40427, 40430",,,,,"40427, 40430","40424, 40427, 40429, 40430",
"40429","40427, 40428",,,,,,,"40424, 40427, 40428, 40430",
"40430","40427, 40428","40427, 40428",,,,,"40427, 40428","40424, 40427, 40428, 40429",
"40445",,"40424",,,,,"40424","40424",
"40446",,"40424",,,,,"40424","40424",
"40455","40456",,,,,,,,
"40456","40455",,,,,,,,
"40489","40490",,,,,,,,"40490"
"40490","40489",,,,,,,,"40489"
"40519",,"40520, 40521",,,,,,,
"40520",,"40519, 40521",,"40522",,,"40521",,
"40521",,"40519, 40520",,,,,"40520",,
"40522",,,,"40520",,,,,
"40537",,"40539, 40541",,"40538, 40539, 40540, 40541, 40542, 40543",,,,,
"40538",,,,"40537, 40539, 40540, 40541, 40542, 40543",,,,,
"40539",,"40537, 40541",,"40537, 40538, 40541, 40542, 40543",,,,,
"40540",,,,"40537, 40538, 40541, 40542, 40543",,,,,
"40541",,"40537, 40539",,"40537, 40538",,,,,
"40542",,,,"40537, 40538",,,,,
"40543",,,,"40537, 40538, 40539, 40540, 40541, 40542",,,,,
"40549",,"40551","40550","40550",,,"40551",,
"40550",,,"40549","40549",,,,,
"40551",,"40549",,,,,"40549",,
"40606","40609, 40610, 40611, 40612","40609, 40610, 40611, 40612",,,,"40609, 40610, 40611","40609, 40610, 40611, 40612",,"40609, 40610, 40611"
"40607","40609, 40610, 40611, 40612","40609, 40610, 40611, 40612","40610, 40611",,,"40609, 40610, 40611","40609, 40610, 40611, 40612",,"40609, 40610, 40611"
"40608","40609, 40610, 40611, 40612","40609, 40610, 40611, 40612","40610, 40611",,,"40609, 40610, 40611","40609, 40610, 40611, 40612",,"40609, 40610, 40611"
"40609",,"40606, 40607, 40608, 40612",,,,"40606, 40607, 40608","40606, 40607, 40608, 40612",,"40606, 40607, 40608"
"40610","40606, 40607, 40608, 40609","40606, 40607, 40608, 40612","40607, 40608",,,"40606, 40607, 40608","40606, 40607, 40608, 40612",,"40606, 40607, 40608"
"40611","40606, 40607, 40608, 40609","40606, 40607, 40608, 40612","40607, 40608",,,"40606, 40607, 40608","40606, 40607, 40608, 40612",,"40606, 40607, 40608"
"40612","40606, 40607, 40608, 40609","40606, 40607, 40608, 40609, 40610, 40611",,,,,"40606, 40607, 40608, 40609, 40610, 40611",,
"40648","40649","40649, 40651","40649","40649",,"40649","40649",,"40649"
"40649",,"40648, 40651",,"40648",,,,,
"40650",,,,"40649, 40651",,,,,
"40651",,"40648, 40649",,,,,,,
"40688",,"40691",,,,,,,
"40691",,"40688",,"40693, 40694",,,,,
"40692",,,,"40693, 40694",,,,,
"40694",,,,"40691, 40692, 40693",,,,,
"40701",,"40702",,,,,,,
"40702",,"40701",,,,,,,
"40706",,,,"40707, 40708, 40709, 40710, 40711",,,,,
"40707",,,,"40706",,,,,
"40708",,,,"40706",,,,,
"40709",,,,"40706",,,,,
"40710",,,,"40706",,,,,
"40711",,,,"40706",,,,,
"40758",,,,,,,"40773, 40798, 40855",,
"40761",,,,,,,,"40765",
"40765",,,,,,,,"40761",
"40767",,,"40768",,,,,,
"40768",,,"40767, 40848",,,,,,
"40773",,,,,,,"40758, 40798, 40855",,
"40786",,,,,,"40934",,,"40934"
"40787","40832",,,,,,,,
"40788","40832",,,,,,,,
"40789",,"40790, 40946",,,,,,,
"40790",,"40789, 40946",,,,,,,
"40795","40939",,"40939",,,"40939",,,"40939"
"40798",,"40855",,,,,"40758, 40773, 40855",,
"40831",,,"40938",,,,,,
"40832","40787, 40788",,,,,,,,
"40848",,,"40768",,,,,,
"40855",,"40798",,,,,"40758, 40773, 40798",,
"40871",,,"40874",,,,,,
"40874",,,"40871",,,,,,
"40934",,,,,,"40786",,,"40786"
"40938",,,"40831",,,,,,
"40939","40795",,"40795",,,"40795",,,"40795"
"40946",,"40789, 40790",,,,,,,
"40962",,,,"40967",,,,,
"40967",,,,"40962",,,,,
"40977",,,,,,,"40993",,
"40993",,,,,,,"40977",,
"40994",,"41004, 41006, 41039, 41040",,,,,,,
"41004",,"40994, 41006, 41039, 41040",,,,,,,
"41005",,"41039, 41040",,,,,"41039, 41040",,
"41006",,"40994, 41004, 41023, 41039, 41040",,,,,"41039, 41040",,
"41012",,"41015, 41016, 41017, 41018, 41023, 41035, 41036",,,,,"41015, 41016, 41017, 41018, 41023, 41035, 41036",,
"41013",,"41015, 41016, 41017, 41018, 41023, 41035, 41036",,,,,"41015, 41016, 41017, 41018, 41023, 41035, 41036",,
"41015",,"41012, 41013, 41023, 41032, 41035, 41036",,,,,"41012, 41013, 41023, 41035, 41036",,
"41016",,"41012, 41013, 41023, 41032, 41035, 41036",,,,,"41012, 41013, 41023, 41035, 41036",,
"41017",,"41012, 41013, 41023, 41032, 41035, 41036",,,,,"41012, 41013, 41023, 41035, 41036",,
"41018",,"41012, 41013, 41023, 41032, 41035, 41036",,,,,"41012, 41013, 41023, 41035, 41036",,
"41019",,"41027, 41028, 41029, 41030",,,,,,,
"41020",,"41027, 41028, 41029, 41030",,,,,,,
"41021",,"41027, 41028, 41029, 41030",,,,,,,
"41022",,"41027, 41028, 41029, 41030",,,,,,,
"41023",,"41006, 41012, 41013, 41015, 41016, 41017, 41018, 41035, 41036, 41039, 41040",,,,,"41012, 41013, 41015, 41016, 41017, 41018, 41035, 41036",,
"41024",,"41042",,,,,,,
"41025",,"41042",,,,,,,
"41026",,"41042",,,,,,,
"41027",,"41019, 41020, 41021, 41022",,,,,,,
"41028",,"41019, 41020, 41021, 41022",,,,,,,
"41029",,"41019, 41020, 41021, 41022",,,,,,,
"41030",,"41019, 41020, 41021, 41022",,,,,,,
"41031",,"41038, 41039, 41040, 41041",,,,,,,
"41032",,"41015, 41016, 41017, 41018, 41038, 41039, 41040, 41041",,,,,,,
"41033",,"41038, 41039, 41040, 41041",,,,,"41038, 41039, 41040, 41041",,
"41034",,"41038, 41039, 41040, 41041",,,,,"41038, 41039, 41040, 41041",,
"41035",,"41012, 41013, 41015, 41016, 41017, 41018, 41023, 41038, 41039, 41040, 41041",,,,,"41012, 41013, 41015, 41016, 41017, 41018, 41023, 41038, 41039, 41040, 41041",,
"41036",,"41012, 41013, 41015, 41016, 41017, 41018, 41023, 41038, 41039, 41040, 41041",,,,,"41012, 41013, 41015, 41016, 41017, 41018, 41023, 41038, 41039, 41040, 41041",,
"41037",,"41038, 41039, 41040, 41041",,,,,"41038, 41039, 41040, 41041",,
"41038",,"41031, 41032, 41033, 41034, 41035, 41036, 41037",,,,,"41033, 41034, 41035, 41036, 41037",,
"41039",,"40994, 41004, 41005, 41006, 41023, 41031, 41032, 41033, 41034, 41035, 41036, 41037",,,,,"41005, 41006, 41033, 41034, 41035, 41036, 41037",,
"41040",,"40994, 41004, 41005, 41006, 41023, 41031, 41032, 41033, 41034, 41035, 41036, 41037",,,,,"41005, 41006, 41033, 41034, 41035, 41036, 41037",,
"41041",,"41031, 41032, 41033, 41034, 41035, 41036, 41037",,,,,"41033, 41034, 41035, 41036, 41037",,
"41042",,"41024, 41025, 41026",,,,,,,
"41050",,,,"41051",,,,,
"41057","41067",,"41067",,"41067","41067",,,"41067"
"41058",,,,,"41067",,,,
"41059","41068","41060, 41062","41068",,"41068",,"41060, 41066",,"41068"
"41060",,"41059",,,"41068",,"41059, 41066",,
"41061",,"41062",,,"41068",,,,
"41062",,"41059, 41061",,,"41068",,,,
"41063",,,,,"41068",,,,
"41066",,,,,,,"41059, 41060",,
"41067","41057",,"41057",,"41057, 41058","41057",,,"41057"
"41068","41059",,"41059",,"41059, 41060, 41061, 41062, 41063",,,,"41059"
"41076",,"41077, 41078",,,,,,,
"41077",,"41076",,,,,,,
"41078",,"41076",,,,,,,
"41087",,"41088, 41110, 41113",,,,,,,
"41088",,"41087, 41093, 41097, 41100, 41105, 41108, 41109, 41110, 41112, 41113",,,,,,,
"41093",,"41088, 41096, 41097, 41100, 41105, 41108, 41109, 41110, 41112, 41113",,,,,,,
"41096",,"41093, 41097, 41100, 41107, 41109, 41110, 41112",,,,,,,
"41097",,"41088, 41093, 41096, 41100, 41105, 41107, 41108, 41109, 41110, 41112, 41113","41109",,,,"41109, 41110, 41111, 41112, 41113, 41114",,"41109"
"41098",,"41115",,,,,"41115",,
"41099",,"41109, 41115",,,,,"41115",,
"41100",,"41088, 41093, 41096, 41097, 41105, 41108, 41109, 41110, 41112, 41113, 41115",,,,,"41115",,
"41105",,"41088, 41093, 41097, 41100, 41107, 41108, 41109, 41110, 41112, 41113",,,,,,,
"41107",,"41096, 41097, 41105, 41108, 41109, 41112, 41113",,,,,,,
"41108",,"41088, 41093, 41097, 41100, 41105, 41107, 41109, 41110, 41112, 41113",,,,,,,
"41109",,"41088, 41093, 41096, 41097, 41099, 41100, 41105, 41107, 41108, 41110, 41112, 41113","41097",,,,"41097, 41110, 41111, 41112, 41113, 41114",,"41097"
"41110",,"41087, 41088, 41093, 41096, 41097, 41100, 41105, 41108, 41109, 41112, 41113",,,,,"41097, 41109, 41111, 41112",,
"41111",,,,,,,"41097, 41109",,
"41112",,"41088, 41093, 41096, 41097, 41100, 41105, 41107, 41108, 41109, 41110, 41113",,,,,"41097, 41109",,
"41113",,"41087, 41088, 41093, 41097, 41100, 41105, 41107, 41108, 41109, 41110, 41112",,,,,"41097, 41109, 41111, 41112",,
"41114",,,,,,,"41097, 41109, 41111, 41112",,
"41115",,"41098, 41099, 41100",,,,,"41098, 41099, 41100",,
"41121",,"41124",,,,,,,
"41122",,"41124",,,,,,,
"41123",,"41124",,,,,,,
"41124",,"41121, 41122, 41123",,,,,,,
"41127","41138",,,,,,,,
"41128","41138",,,,,,,,
"41129","41138",,,,,,,,
"41130","41139","41132, 41139, 41148","41139, 41140",,,,"41139",,
"41131",,"41140, 41147, 41148","41139, 41140",,,,"41137, 41140, 41155, 41156",,"41140"
"41132","41141","41130, 41141, 41148","41141",,,"41141","41141",,
"41133","41142, 41143","41142, 41143, 41144","41142",,"41141, 41142","41142, 41143",,,"41142"
"41134","41142, 41143, 41144","41142, 41143, 41144",,,"41141, 41142","41142, 41143",,,
"41135","41143, 41144","41142, 41143, 41144","41144",,"41141, 41142",,,,
"41137",,"41147, 41148, 41149, 41155, 41156",,,,,"41131, 41140, 41155, 41156",,
"41138","41127, 41128, 41129",,,,,,,,
"41139","41130","41130, 41148","41130, 41131",,,,"41130",,
"41140",,"41131, 41147, 41148","41130, 41131",,,,"41131, 41137, 41155, 41156",,"41131"
"41141","41132","41132, 41148","41132",,"41133, 41134, 41135","41132","41132",,
"41142","41133, 41134","41133, 41134, 41135","41133",,"41133, 41134, 41135","41133, 41134",,,"41133"
"41143","41133, 41134, 41135","41133, 41134, 41135",,,,"41133, 41134",,,
"41144","41134, 41135","41133, 41134, 41135","41135",,,,,,
"41147",,"41131, 41137, 41140, 41148, 41149",,,,,,,
"41148",,"41130, 41131, 41132, 41137, 41139, 41140, 41141, 41147, 41149, 41150, 41152",,,,,"41150, 41152",,
"41149",,"41137, 41147, 41148, 41151",,,,,,,
"41150",,"41148, 41151",,,,,"41148, 41152",,
"41151",,"41149, 41150",,,,"41152",,,"41152"
"41152",,"41148",,,,"41151","41148, 41150",,"41151"
"41155",,"41137",,,,,"41131, 41137, 41140",,
"41156",,"41137",,,,,"41131, 41137, 41140",,
"41157","41168",,,,,,,,
"41158","41168",,,,,,,,
"41159","41168",,,,,,,,
"41160",,"41166",,,,,,,
"41161","41169, 41170","41166, 41169","41169, 41170",,,,"41169",,"41169"
"41162","41169, 41170","41170","41169, 41170",,,"41170","41170",,"41170"
"41163","41170",,,,"41170",,,,
"41164",,,,,"41170",,,,
"41165",,"41166",,,,,"41166",,
"41166",,"41160, 41161, 41165, 41169",,,,,"41165",,
"41168","41157, 41158, 41159",,,,,,,,
"41169","41161, 41162","41161, 41166","41161, 41162",,,,"41161",,"41161"
"41170","41161, 41162, 41163","41162","41161, 41162",,"41163, 41164","41162","41162",,"41162"
"41182",,"41183",,,,,"41183",,
"41183",,"41182",,,,,"41182",,
"41188",,"41191, 41192, 41193, 41194, 41195, 41196, 41197, 41198, 41199",,,,,"41191, 41192, 41193, 41194, 41195, 41196, 41197, 41198, 41199",,
"41189",,"41191, 41192, 41193, 41194, 41195, 41196, 41197, 41198, 41199",,,,,"41191, 41192, 41193, 41194, 41195, 41196, 41197, 41198, 41199",,
"41190",,"41193, 41194, 41195, 41196, 41197, 41198, 41199",,,,,,,
"41191",,"41188, 41189, 41193, 41194, 41195, 41196, 41197, 41198, 41199",,,,,"41188, 41189, 41193, 41194, 41195, 41196, 41197, 41198, 41199",,
"41192",,"41188, 41189, 41193, 41194, 41195, 41196, 41197, 41198, 41199",,,,,"41188, 41189, 41193, 41194, 41195, 41196, 41197, 41198, 41199",,
"41193",,"41188, 41189, 41190, 41191, 41192",,,,,"41188, 41189, 41191, 41192",,
"41194",,"41188, 41189, 41190, 41191, 41192",,,,,"41188, 41189, 41191, 41192",,
"41195",,"41188, 41189, 41190, 41191, 41192",,,,,"41188, 41189, 41191, 41192",,
"41196",,"41188, 41189, 41190, 41191, 41192",,,,,"41188, 41189, 41191, 41192",,
"41197",,"41188, 41189, 41190, 41191, 41192",,,,,"41188, 41189, 41191, 41192",,
"41198",,"41188, 41189, 41190, 41191, 41192",,,,,"41188, 41189, 41191, 41192",,
"41199",,"41188, 41189, 41190, 41191, 41192",,,,,"41188, 41189, 41191, 41192",,
"41209",,,,"41211",,,,,
"41211",,,,"41209",,,,,
"41265",,"41266",,,,,,"41266",
"41266",,"41265",,,,,,"41265",
"41302",,,,"41303, 41304, 41305",,,,,
"41303",,,,"41302",,,,,
"41304",,"41311",,"41302",,,,,
"41305",,"41311",,"41302, 41309",,,,,
"41306",,,,"41309",,,,,
"41307",,,,"41309",,,,,
"41308",,,,"41309",,,,,
"41310",,"41311",,,,,,,
"41311",,"41304, 41305",,,,,,,
"41320",,,,"41318, 41319",,,,,
"41323",,"41324",,,,,,,
"41324",,"41323",,,,,,,
"41336",,,,"41335",,,,,
"41344",,"41345, 41346, 41347, 41348, 41349",,,,,,,"41361"
"41345","41362, 41363, 41364, 41365, 41366","41344","41362, 41363, 41364, 41365, 41366",,,"41362, 41363, 41364, 41365, 41366",,,"41362"
"41346","41362, 41363, 41364, 41365, 41366","41344, 41348, 41349","41362, 41363, 41364, 41365, 41366",,,"41362, 41363, 41364, 41365, 41366",,,
"41347","41362, 41363, 41364, 41365, 41366","41344, 41348, 41349","41362, 41363, 41364, 41365, 41366",,,"41362, 41363, 41364, 41365, 41366",,,
"41348","41362, 41363, 41364, 41365, 41366","41344, 41346, 41347","41362, 41363, 41364, 41365, 41366",,,"41362, 41363, 41364, 41365, 41366",,,
"41349","41362, 41363, 41364, 41365, 41366","41344, 41346, 41347","41362, 41363, 41364, 41365, 41366",,,"41362, 41363, 41364, 41365, 41366",,,
"41354","41367, 41368, 41369","41371, 41372, 41389, 41390","41367, 41368, 41369",,,"41367, 41368, 41369",,,"41367, 41368, 41371, 41389"
"41355","41367, 41368, 41369","41371, 41372, 41389, 41390","41367, 41368, 41369",,,"41367, 41368, 41369",,,"41367, 41368"
"41356","41367, 41368, 41369","41371, 41372, 41389, 41390","41367, 41368, 41369",,,"41367, 41368, 41369",,,
"41361",,,,,,,,,"41344"
"41362","41345, 41346, 41347, 41348, 41349",,"41345, 41346, 41347, 41348, 41349",,,"41345, 41346, 41347, 41348, 41349",,,"41345"
"41363","41345, 41346, 41347, 41348, 41349",,"41345, 41346, 41347, 41348, 41349",,,"41345, 41346, 41347, 41348, 41349",,,
"41364","41345, 41346, 41347, 41348, 41349",,"41345, 41346, 41347, 41348, 41349",,,"41345, 41346, 41347, 41348, 41349",,,
"41365","41345, 41346, 41347, 41348, 41349",,"41345, 41346, 41347, 41348, 41349",,,"41345, 41346, 41347, 41348, 41349",,,
"41366","41345, 41346, 41347, 41348, 41349",,"41345, 41346, 41347, 41348, 41349",,,"41345, 41346, 41347, 41348, 41349",,,
"41367","41354, 41355, 41356",,"41354, 41355, 41356",,,"41354, 41355, 41356",,,"41354, 41355"
"41368","41354, 41355, 41356",,"41354, 41355, 41356",,,"41354, 41355, 41356",,,"41354, 41355"
"41369","41354, 41355, 41356",,"41354, 41355, 41356",,,"41354, 41355, 41356",,,
"41371","41389, 41390","41354, 41355, 41356, 41389, 41390","41389, 41390",,"41389",,"41389, 41390",,"41354, 41389"
"41372","41389, 41390","41354, 41355, 41356, 41389, 41390","41389, 41390",,"41389, 41390",,"41389, 41390",,
"41389","41371, 41372","41354, 41355, 41356, 41371, 41372","41371, 41372",,"41371, 41372",,"41371, 41372",,"41354, 41371"
"41390","41371, 41372","41354, 41355, 41356, 41371, 41372","41371, 41372",,"41372",,"41371, 41372",,
"41431",,,,"41434, 41435",,,,,
"41432",,,,"41434, 41435",,,,,
"41433",,,,"41434, 41435",,,,,
"41444",,,"41445",,,,,,
"41445",,,"41444",,,,,,
"41447",,,,"41448",,,,,
"41469","41470",,,,,,,,"41470"
"41470","41469",,,,,,,,"41469"
"41484","41485","41485",,"41485",,,"41485","41485",
"41485",,"41484",,"41484",,,,,
"41499",,"41504",,,,,,,
"41500",,"41521",,,,,,,
"41501","41502, 41503, 41504","41503, 41504",,,,,"41503, 41504",,
"41502",,"41503, 41504, 41509, 41521",,,,,"41503, 41504",,
"41503","41501, 41502","41501, 41502",,,,,"41501, 41502",,
"41504","41501, 41502","41499, 41501, 41502, 41505, 41506, 41507, 41509, 41521",,,,,"41501, 41502",,
"41505",,"41504, 41509",,,,,,,
"41506",,"41504, 41509",,,,,,,
"41507",,"41504, 41509",,,,,,,
"41508",,"41509",,,,,,,
"41509",,"41502, 41504, 41505, 41506, 41507, 41508, 41521",,,,,"41518, 41519, 41520, 41521",,
"41518",,,,,,,"41509, 41520, 41521",,
"41519",,,,,,,"41509, 41520, 41521",,
"41520",,"41521",,,,,"41509, 41518, 41519, 41521",,
"41521",,"41500, 41502, 41504, 41509, 41520",,,,,"41509, 41518, 41519, 41520",,
"41560",,,"41563",,,,,,
"41563",,,"41560, 41565",,,,,,
"41565",,,"41563",,,,,,
"41566","41567",,"41567",,,,,,
"41567","41566",,"41566",,,,,,
"41580",,,,"41579",,,,,
"41589",,"41590",,,,,,,
"41590",,"41589",,,,,,,
"41605",,"41606",,,,,,,
"41606",,"41605",,,,,,,
"41609","41611, 41612","41611, 41612","41611, 41612",,"41611, 41612","41611, 41612","41611, 41612",,
"41610","41611, 41612","41611, 41612","41611, 41612",,"41611, 41612","41611, 41612","41611, 41612",,
"41611","41609, 41610","41609, 41610","41609, 41610",,"41609, 41610","41609, 41610","41609, 41610",,
"41612","41609, 41610","41609, 41610","41609, 41610",,"41609, 41610","41609, 41610","41609, 41610",,
"41621",,"41623",,,,,,,
"41623",,"41621, 41635",,,,,,,
"41635",,"41623",,,,,,,
"41637",,,,,,,"41639, 41640",,
"41638",,,,,,,"41639, 41640",,
"41639",,,,,,,"41637, 41638",,
"41640",,,,,,,"41637, 41638",,
"41666",,"41667",,,,,,,
"41667",,"41666",,,,,,,
"41668",,,,,,,"41709, 41710",,
"41670",,"41673",,,,,,,
"41673",,"41670, 41694, 41703, 41704, 41705",,,,,,,
"41682",,"41706, 41707",,,,,"41693, 41694, 41697, 41698, 41699, 41704, 41705, 41706, 41707",,
"41693",,,,,,,"41682, 41697, 41698, 41699, 41704, 41705, 41706, 41707",,
"41694",,"41673, 41703, 41704, 41705",,,,,"41682, 41697, 41698, 41699, 41704, 41705, 41706, 41707",,
"41695","41699, 41701, 41702","41699","41699, 41701, 41702",,,,,,
"41696",,"41697, 41698, 41699, 41700",,,,,"41697",,
"41697",,"41696, 41698, 41699, 41700",,,,,"41682, 41693, 41694, 41696, 41698, 41699, 41704, 41705, 41706, 41707",,
"41698",,"41696, 41697, 41700",,,,,"41682, 41693, 41694, 41697, 41699, 41704, 41705, 41706, 41707",,
"41699","41695, 41701, 41702","41695, 41696, 41697","41695, 41701, 41702",,,,"41682, 41693, 41694, 41697, 41698, 41704, 41705, 41706, 41707",,
"41700",,"41696, 41697, 41698",,,,,,,
"41701","41695, 41699",,"41695, 41699",,,,,,
"41702","41695, 41699",,"41695, 41699",,,,,,
"41703",,"41673, 41694, 41704, 41705",,,,,,,
"41704",,"41673, 41694, 41703, 41705",,,,,"41682, 41693, 41694, 41697, 41698, 41699, 41706, 41707",,
"41705",,"41673, 41694, 41703, 41704",,,,,"41682, 41693, 41694, 41697, 41698, 41699, 41706, 41707",,
"41706",,"41682",,,,,"41682, 41693, 41694, 41697, 41698, 41699, 41704, 41705",,
"41707",,"41682",,,,,"41682, 41693, 41694, 41697, 41698, 41699, 41704, 41705",,
"41709",,,,,,,"41668",,
"41710",,,,,,,"41668",,
"41724",,"41737",,,,,,,
"41726",,"41737",,,,,"41727, 41728, 41730, 41733, 41734, 41735, 41737",,
"41727",,"41730, 41734, 41735",,,,,"41726, 41728, 41730, 41733, 41734, 41735, 41737",,
"41728",,"41730, 41731",,,,,"41726, 41727, 41730, 41733, 41734, 41735, 41737",,
"41729",,,"41731, 41732",,,,,,
"41730",,"41727, 41728, 41733, 41734, 41735",,,,,"41726, 41727, 41728, 41733, 41734, 41735, 41737",,
"41731",,"41728","41729",,,,,,
"41732",,,"41729",,,,,,
"41733",,"41730",,,,,"41726, 41727, 41728, 41730, 41737",,
"41734",,"41727, 41730, 41735",,,,,"41726, 41727, 41728, 41730, 41737",,
"41735",,"41727, 41730, 41734",,,,,"41726, 41727, 41728, 41730, 41737",,
"41737",,"41724, 41726",,,,,"41726, 41727, 41728, 41730, 41733, 41734, 41735",,
"41738","41740, 41743, 41748, 41750","41743, 41748, 41750","41740, 41743, 41748, 41750",,,,"41743, 41748, 41750",,"41743, 41748, 41750"
"41739",,"41744, 41749, 41751",,,,,"41744, 41751",,"41744, 41751"
"41740","41738, 41743, 41748, 41750",,"41738, 41743, 41748, 41750",,,,,,
"41743","41738, 41740, 41748, 41750","41738, 41748, 41750","41738, 41740, 41748, 41750",,"41748, 41750",,"41738, 41748, 41750",,"41738, 41748, 41750"
"41744","41751","41739, 41749, 41751","41749, 41751",,"41748, 41750, 41751","41749, 41751","41739, 41749, 41751",,"41739, 41749, 41751"
"41748","41738, 41740, 41743, 41750","41738, 41743, 41750","41738, 41740, 41743, 41750",,"41743, 41744",,"41738, 41743, 41750",,"41738, 41743, 41750"
"41749",,"41739, 41744, 41751","41744, 41751",,,"41744","41744",,"41744"
"41750","41738, 41740, 41743, 41748","41738, 41743, 41748","41738, 41740, 41743, 41748",,"41743, 41744",,"41738, 41743, 41748",,"41738, 41743, 41748"
"41751","41744","41739, 41744, 41749","41744, 41749",,"41744","41744","41739, 41744",,"41739, 41744"
"41753",,"41757, 41759, 41763, 41768","41757, 41763, 41768",,,,"41757, 41763, 41768",,"41757, 41763, 41768"
"41756",,"41757, 41759, 41763, 41764, 41765, 41766, 41767, 41769","41764, 41769",,,,,,"41764, 41769"
"41757","41763, 41768","41753, 41756, 41759, 41763, 41764, 41768","41753, 41763, 41768",,"41763, 41768",,"41753, 41763, 41768",,"41753, 41763, 41768"
"41758","41765, 41766","41764, 41765, 41766, 41767","41765, 41766",,"41763, 41765, 41766, 41768","41765, 41766","41764, 41765, 41766, 41767",,"41765, 41766"
"41759","41765, 41766","41753, 41756, 41757, 41763, 41764, 41765, 41766, 41767, 41769","41765, 41766",,"41763, 41765, 41766, 41768","41765, 41766","41764, 41765, 41766, 41767",,"41765, 41766"
"41763","41757, 41768","41753, 41756, 41757, 41759, 41768","41753, 41757, 41768",,"41757, 41758, 41759, 41768",,"41753, 41757, 41768",,"41753, 41757, 41768"
"41764","41769","41756, 41757, 41758, 41759, 41766, 41767, 41769","41756, 41769",,,"41769","41758, 41759",,"41756, 41769"
"41765","41758, 41759","41756, 41758, 41759","41758, 41759",,"41758, 41759","41758, 41759","41758, 41759",,"41758, 41759"
"41766","41758, 41759","41756, 41758, 41759, 41764, 41767, 41769","41758, 41759",,"41758, 41759","41758, 41759","41758, 41759",,"41758, 41759"
"41767",,"41756, 41758, 41759, 41764, 41766, 41769",,,,,"41758, 41759",,
"41768","41757, 41763","41753, 41757, 41763","41753, 41757, 41763",,"41757, 41758, 41759, 41763",,"41753, 41757, 41763",,"41753, 41757, 41763"
"41769","41764","41756, 41759, 41764, 41766, 41767","41756, 41764",,,"41764",,,"41756, 41764"
"41770",,"41771, 41772, 41775, 41776",,,,,"41771, 41772, 41775, 41776",,
"41771",,"41770, 41772, 41775, 41776",,,,,"41770, 41772, 41775, 41776",,
"41772",,"41770, 41771",,,,,"41770, 41771, 41775, 41776",,
"41775","41776","41770, 41771, 41776","41776",,,"41776","41770, 41771, 41772, 41776",,
"41776","41775","41770, 41771, 41775","41775",,,"41775","41770, 41771, 41772, 41775",,
"41782","41783, 41784, 41785","41784, 41785, 41787",,,,,"41784, 41785",,
"41783",,"41784, 41785, 41787",,,,,"41784, 41785",,
"41784","41782, 41783","41782, 41783, 41787",,,,,"41782, 41783",,
"41785","41782, 41783","41782, 41783, 41787",,,,,"41782, 41783",,
"41787",,"41782, 41783, 41784, 41785",,,,,,,
"41804",,"41805",,,,,,,
"41805",,"41804",,,,,,,
"41827","41829",,"41829",,,,,,
"41829","41827",,"41827",,,,,,
"41833",,"41835",,,,,,,
"41835",,"41833",,,,,,,
"41843",,"41848",,,,,,,
"41844",,"41848",,,,,,,
"41845",,"41848",,,,,,,
"41848",,"41843, 41844, 41845",,,,,,,
"41855",,"41856, 41857",,,,,,,
"41856",,"41855",,,,,,,
"41857",,"41855",,,,,,,
"41880",,,,,,,,,"41887, 41890, 41892, 41894, 41896, 41898"
"41883",,,,,,,,,"41885, 41888"
"41885",,,,,,,,,"41883, 41888"
"41887",,,,,,,,,"41880, 41890, 41892, 41894, 41896, 41898"
"41888",,,,,,,,,"41883, 41885"
"41890",,,,,,,,,"41880, 41887, 41892, 41894, 41896, 41898"
"41892",,,,,,,,,"41880, 41887, 41890, 41894, 41896, 41898"
"41894",,,,,,,,,"41880, 41887, 41890, 41892, 41896, 41898"
"41896",,,,,,,,,"41880, 41887, 41890, 41892, 41894, 41898"
"41898",,,,,,,,,"41880, 41887, 41890, 41892, 41894, 41896"
"41923",,,,,,,"41938, 41939, 41940, 41951",,
"41924",,,,,,,"41938, 41939, 41940, 41951",,
"41938",,"41940",,,,,"41923, 41924, 41940, 41951",,
"41939",,"41940",,,,,"41923, 41924, 41940, 41951",,
"41940",,"41938, 41939, 41951",,,,,"41923, 41924, 41938, 41939, 41951",,
"41950",,,,,,,,"41951",
"41951",,"41940",,,,,"41923, 41924, 41938, 41939, 41940",,
"41961",,,"41962","41962",,,,,
"41962",,,"41961","41961",,,,,
"42025","42026",,,,,,,,
"42026","42025",,,,,,,"42025",
"42032",,,,"42044",,,,,
"42033",,,,"42044",,,,,
"42034",,,,"42044",,,,,
"42038",,,,"42037",,,,,
"42044",,,,"42032, 42033, 42034",,,,,
"42073",,"42077",,,,,,,
"42074",,"42077",,,,,,,
"42075",,"42077",,,,,,,
"42076",,"42077",,,,,,,
"42077",,"42073, 42074, 42075, 42076",,,,,,,
"42083",,,,,,,"42087",,
"42084",,,,,,,"42087",,
"42087",,,,,,,"42083, 42084",,
"42096",,,,,,,"42098, 42103, 42104, 42105",,
"42097",,,,,,,"42098, 42103, 42104, 42105",,
"42098",,,,,,,"42096, 42097, 42103, 42104, 42105",,
"42101",,"42107",,,,,,,
"42103",,,,,,,"42096, 42097, 42098",,
"42104",,,,,,,"42096, 42097, 42098",,
"42105",,,,,,,"42096, 42097, 42098",,
"42107",,"42101",,,,,,,
"42109",,,,,,,"42110",,
"42110",,"42112, 42113",,,,,"42109",,
"42111",,"42114",,,,,,,
"42112",,"42110",,,,,,,
"42113",,"42110",,,,,,,
"42114",,"42111",,,,,,,
"42122",,"42123, 42125",,,,,"42123, 42125",,
"42123",,"42122, 42125",,,,,"42122, 42125",,
"42125",,"42122, 42123",,,,,"42122, 42123",,
"42150",,"42153, 42154, 42156, 42157, 42158, 42159, 42160, 42161, 42162, 42163, 42164, 42165",,,,,"42153, 42154, 42156, 42157, 42158, 42159, 42160, 42161, 42162, 42163, 42164, 42165",,
"42151",,"42153, 42154, 42156, 42157, 42158, 42159, 42160, 42161, 42162, 42163, 42164, 42165","42160",,,"42154, 42155, 42156, 42157","42153, 42154, 42156, 42157, 42158, 42159, 42160, 42161, 42162, 42163, 42164, 42165",,
"42152","42161, 42162, 42163, 42164, 42165","42159, 42160, 42161, 42162, 42163, 42164, 42165",,,,,"42159, 42160, 42161, 42162, 42163, 42164, 42165",,
"42153","42161, 42162, 42163, 42164, 42165","42150, 42151, 42156, 42157, 42158, 42159, 42160, 42161, 42162, 42163, 42164, 42165",,,,,"42150, 42151, 42156, 42157, 42158, 42159, 42160, 42161, 42162, 42163, 42164, 42165",,
"42154","42161, 42162, 42163, 42164, 42165","42150, 42151, 42156, 42157, 42158, 42159, 42160, 42161, 42162, 42163, 42164, 42165","42156, 42157, 42163, 42164",,,"42151","42150, 42151, 42156, 42157, 42158, 42159, 42160, 42161, 42162, 42163, 42164, 42165",,
"42155","42161, 42162, 42163, 42164, 42165","42159, 42160, 42161, 42162, 42163, 42164, 42165","42156, 42157, 42163, 42164",,,"42151","42159, 42160, 42161, 42162, 42163, 42164, 42165",,
"42156","42161, 42162, 42163, 42164, 42165","42150, 42151, 42153, 42154, 42159, 42160, 42161, 42162, 42163, 42164, 42165","42154, 42155, 42163, 42164",,,"42151","42150, 42151, 42153, 42154, 42157, 42158, 42159, 42160, 42161, 42162, 42163, 42164, 42165",,
"42157","42161, 42162, 42163, 42164, 42165","42150, 42151, 42153, 42154, 42159, 42160, 42161, 42162, 42163, 42164, 42165","42154, 42155, 42163, 42164",,,"42151","42150, 42151, 42153, 42154, 42156, 42159, 42160, 42161, 42162, 42163, 42164, 42165",,
"42158","42161, 42162, 42163, 42164, 42165","42150, 42151, 42153, 42154, 42159, 42160, 42161, 42162, 42163, 42164, 42165",,,,,"42150, 42151, 42153, 42154, 42156, 42159, 42160, 42161, 42162, 42163, 42164, 42165",,
"42159",,"42150, 42151, 42152, 42153, 42154, 42155, 42156, 42157, 42158, 42161, 42162, 42163, 42164, 42165",,,,,"42150, 42151, 42152, 42153, 42154, 42155, 42156, 42157, 42158, 42161, 42162, 42163, 42164, 42165",,
"42160",,"42150, 42151, 42152, 42153, 42154, 42155, 42156, 42157, 42158, 42161, 42162, 42163, 42164, 42165","42151",,,,"42150, 42151, 42152, 42153, 42154, 42155, 42156, 42157, 42158, 42161, 42162, 42163, 42164, 42165",,
"42161","42152, 42153, 42154, 42155, 42156, 42157, 42158","42150, 42151, 42152, 42153, 42154, 42155, 42156, 42157, 42158, 42159, 42160, 42163, 42164, 42165",,,,,"42150, 42151, 42152, 42153, 42154, 42155, 42156, 42157, 42158, 42159, 42160, 42163, 42164, 42165",,
"42162","42152, 42153, 42154, 42155, 42156, 42157, 42158","42150, 42151, 42152, 42153, 42154, 42155, 42156, 42157, 42158, 42159, 42160, 42163, 42164, 42165",,,,,"42150, 42151, 42152, 42153, 42154, 42155, 42156, 42157, 42158, 42159, 42160, 42163, 42164, 42165",,
"42163","42152, 42153, 42154, 42155, 42156, 42157, 42158","42150, 42151, 42152, 42153, 42154, 42155, 42156, 42157, 42158, 42159, 42160, 42161, 42162","42154, 42155, 42156, 42157",,,,"42150, 42151, 42152, 42153, 42154, 42155, 42156, 42157, 42158, 42159, 42160, 42161, 42162, 42164, 42165",,
"42164","42152, 42153, 42154, 42155, 42156, 42157, 42158","42150, 42151, 42152, 42153, 42154, 42155, 42156, 42157, 42158, 42159, 42160, 42161, 42162","42154, 42155, 42156, 42157",,,,"42150, 42151, 42152, 42153, 42154, 42155, 42156, 42157, 42158, 42159, 42160, 42161, 42162, 42163",,
"42165","42152, 42153, 42154, 42155, 42156, 42157, 42158","42150, 42151, 42152, 42153, 42154, 42155, 42156, 42157, 42158, 42159, 42160, 42161, 42162",,,,,"42150, 42151, 42152, 42153, 42154, 42155, 42156, 42157, 42158, 42159, 42160, 42161, 42162, 42163",,
"42184",,"42185",,,,,"42185",,
"42185",,"42184",,,,,"42184",,
"42202",,,,"42203, 42204, 42205",,,,,
"42203",,,,"42202, 42205, 42208",,,,,
"42204",,,,"42202, 42205, 42208",,,,,
"42205",,,,"42202, 42203, 42204, 42208",,,,,
"42208",,,,"42203, 42204, 42205",,,,,
